Place_ID,Combined_Address,pincode
ChIJN8rAfw7irTsRX3EbdKQFg_U,"Nehru Extension, Malur, Kolar, Bangalore Division, KA, IN, 563130",563130
ChIJlTRrzvsJrjsRqOJOzurCCSI,"Malur, Kolar, Bangalore Division, KA, IN, 563130",563130
ChIJ5YRmOgXirTsR4P89nDbmbiY,"Malur, Kolar, Bangalore Division, KA, IN, 563160",563160
ChIJ4S4_CUIVrjsRZj6we2FjlBA,"92, 2nd Cross Rd, 1st Phase, J. P. Nagar, Bengaluru, Bengaluru Urban, Bangalore Division, KA, IN, 560078",560078
ChIJ4wqTDbUWrjsRm4-zkX8r4a4,"NGEF Main Rd, Sadanandanagar, Bennigana Halli, Bengaluru, Bengaluru Urban, Bangalore Division, KA, IN, 560038",560038
ChIJa0YWEQ3irTsRiNzp7Lr40h8,"Karanje Extension, Malur, Kolar, Bangalore Division, KA, IN, 563130",563130
ChIJo71n2C7jrTsRtsfPM3WCplU,"Taluk, Nehru Extension, Malur, Kolar, Bangalore Division, KA, IN, 563130",563130
ChIJOdwilxcOrjsR-6MvlsusM00,"IN, Kadugodi Colony, Kadugodi, Bengaluru, Bengaluru Urban, Bangalore Division, KA, 560067",560067
ChIJq6qa730WrjsRuZg7TTRYPow,"2, 3rd Floor, Prestige Commercial Complex, Matteo Coffea, Church St, Shanthala Nagar, Ashok Nagar, Bengaluru, Bengaluru Urban, Bangalore Division, KA, IN, 560001",560001
ChIJoVC1nh7jrTsRchbgQmuZxXc,"tempo stand, Reddy choultry road, Seethanayakanahalli, Maruthi Extension, Malur, Kolar, Bangalore Division, KA, IN, 563130",563130
ChIJ0aGCwD0RrjsRYYkg4RGrIFU,"Outer Ring Rd, Jyothi Puram, Krishnarajapura, Bengaluru, Bengaluru Urban, Bangalore Division, KA, IN, 560016",560016
ChIJPRoKV1wWrjsRbvQCTzLBlf8,"Cantonment Railway Station Rd, Cantonment Railway Quarters, Vasanth Nagar, Bengaluru, Bengaluru Urban, Bangalore Division, KA, IN, 560046",560046
ChIJ96tpUHcWrjsRit-gsot2OOE,"24, Vittal Mallya Rd, KG Halli, D' Souza Layout, Ashok Nagar, Bengaluru, Bengaluru Urban, Bangalore Division, KA, IN, 560001",560001
ChIJgxavSCDjrTsR0x_1blnfXOM,"Nehru Extension, Malur, Kolar, Bangalore Division, KA, IN, 563130",563130
ChIJSWw9TMoLrjsRniKGeYLpSV4,"Opp=SRS steel company, Gate, Hosur - Malur Rd NH 207, Malur, Kolar, Bangalore Division, KA, IN, 563130",563130
ChIJ1YRnNaTjrTsRSfKkqXFE8Ls,"Vinayaka Hospital, Hosur Rd, Raod, Malur, Kolar, Bangalore Division, KA, IN, 563130",563130
ChIJtzpuYw7irTsRNjTMPB4meCY,"37, 1st Cross Rd, Nehru Extension, Malur, Kolar, Bangalore Division, KA, IN, 563130",563130
ChIJ6W9-rjXjrTsRzbTeR0nOOPo,"HONDA STADIUM, HOSUR MAIN ROAD, Nehru Extension, Malur, Kolar, Bangalore Division, KA, IN, 563130",563130
ChIJ9W3JOA9pujsRYfjx1DbwPjE,"Chikkajajur, Chitradurga, Bangalore Division, KA, IN, 577523",577523
ChIJ91XU8WU9rjsRENKs02nnTZk,"91, Railway Parallel Rd, Dr.Ambedkar Nagar, Yeswanthpur, Bengaluru, Bengaluru Urban, Bangalore Division, KA, IN, 560022",560022
ChIJZQRCbwUWrjsRko0PHW2ZX6k,"Kempegowda Rd, Kempegowda, Sevashrama, Bengaluru, Bengaluru Urban, Bangalore Division, KA, IN, 560009",560009
ChIJA4VGurcXrjsRDdQqu-FpIjY,"XMR2+FQR, Sadanandanagar, Bennigana Halli, Bengaluru, Bengaluru Urban, Bangalore Division, KA, IN, 560038",560038
ChIJr95plRPirTsRkXW2fn85GpY,"slv layout, unique school, Arleri Rd, Adarsh Nagar, Malur, Kolar, Bangalore Division, KA, IN, 563130",563130
ChIJK6u4WxsWrjsR7gb320OEztk,"M.G. Railway Colony, Majestic, Bengaluru, Bengaluru Urban, Bangalore Division, KA, IN, 560023",560023
ChIJPQ6_wz4WrjsRXlMebBKisBI,"XHVJ+FCF, Railway Parallel Rd, Kumara Park West, Sampangiram Nagar, Bengaluru, Bengaluru Urban, Bangalore Division, KA, IN, 560020",560020
ChIJC-wzvRITrjsRJcFoZdFn7Xo,"Bengaluru, Kaikondrahalli, Bengaluru Urban, Bangalore Division, KA, IN, 560035",560035
ChIJz51-W3ITrjsRsN6ZdbxcRSk,"Fire Station, Sarjapur - Marathahalli Rd, Ambalipura, Kaikondrahalli, Bengaluru, Bengaluru Urban, Bangalore Division, KA, IN, 560034",560034
ChIJaUheCCYTrjsRIqmiE0jyCHI,"Bus stop, Sarjapur - Marathahalli Rd, Carmelaram, post, Kaikondrahalli, B35, Bengaluru Urban, Bangalore Division, KA, IN, 560035",560035
ChIJEWozruTjrTsRr-R6BWu_poY,"Maruthi Extension, Malur, Kolar, Bangalore Division, KA, IN, 563130",563130
ChIJX8T5aRYOrjsRukDBUcxZOc4,"Maithri Layout, Kadugodi, Bengaluru, Bangalore Rural, Bangalore Division, KA, IN, 560067",560067
ChIJkyQhjAzirTsR63xd2Ch8Y70,"2W3M+GX9, Malur, Kolar, Bangalore Division, KA, IN, 563130",563130
ChIJG-6SfhLirTsRl-NzqJmnoHw,"2W3Q+7X7, Maruthi Extension, Malur, Kolar, Bangalore Division, KA, IN, 563130",563130
ChIJleSEnAEI9jkRhREWUimGPMk,"Telco Colony, Jamshedpur, East Singhbhum, Kolhan Division, JH, IN, 831004",831004
ChIJA3vfhjTj9TkRZDiYErW8zdE,"Jamshedpur, Tata Nagar, Khasmahal, Jugsalai, East Singhbhum, Kolhan Division, JH, IN, 831007",831007
ChIJtdWBB7Ti9TkRverHgt9JJFg,"Jamshedpur, Indra Nagar, Telco Colony, East Singhbhum, Kolhan Division, JH, IN, 831004",831004
ChIJt5DCAHvk9TkRbIlk_CkBkqw,"2ND FLOOR, 41, Indian Bank, Central Bank, Thakur Bari Rd, SNP Area, Sakchi, Jamshedpur, East Singhbhum, Kolhan Division, JH, IN, 831011",831011
ChIJK6Ozw5Pj9TkRY9YsgAMPsy0,"Azad Market Rd, Indra Nagar, Telco Colony, Jamshedpur, East Singhbhum, Kolhan Division, JH, IN, 831004",831004
ChIJxS1-egEI9jkRm8vR_E_gMP0,"Kharangajhar Market, Hanuman Mandir Road, Kharangajhar, Bari Nagar, Jamshedpur, East Singhbhum, Kolhan Division, JH, IN, 831004",831004
ChIJR34z1w7j9TkR3YROtoLloac,"M/S Complex, 15-A, Aambagan, SNP Area, Ambagan, Sakchi, Jamshedpur, East Singhbhum, Kolhan Division, JH, IN, 831001",831001
ChIJ5Sq3oAMI9jkRKNjqLJWsr28,"K3-89, Rd Number 16, Prakash Nagar, Telco Colony, Jamshedpur, East Singhbhum, Kolhan Division, JH, IN, 831004",831004
ChIJTXfmN7cJ9jkR4GdWhg596p0,"K - 29, River View, Prakash Nagar, Telco Colony, Jamshedpur, East Singhbhum, Kolhan Division, JH, IN, 831004",831004
ChIJfwXOu-Hi9TkRkCBBTa9R_Og,"Golmuri, Jamshedpur, East Singhbhum, Kolhan Division, JH, IN, 831003",831003
ChIJS48h2QMI9jkRh4rDSYiMevo,"Q7F5+6XM, Kharangajhar, Bari Nagar, Jamshedpur, East Singhbhum, Kolhan Division, JH, IN, 831004",831004
ChIJ4wZF1XTj9TkRIHcDgjJdJPg,"R632+6R9, Unnamed Road, Sakchi, Jamshedpur, East Singhbhum, Kolhan Division, JH, IN, 831001",831001
ChIJm4N_cA_j9TkR6wK3X99hlVI,"Straight Mile Rd, Sakchi, Jamshedpur, East Singhbhum, Kolhan Division, JH, IN, 831001",831001
ChIJ7d6DAbLi9TkRIe-S7S_sZsI,"K42, Cross Rd Number 14, Telco Colony, Jamshedpur, East Singhbhum, Kolhan Division, JH, IN, 831004",831004
ChIJ1RgSPmHj9TkRSCPSenrHoxs,"126, Bengal Club, Sanjay Rd, SNP Area, Ambagan, Sakchi, Jamshedpur, East Singhbhum, Kolhan Division, JH, IN, 831001",831001
ChIJd3gLt6_i9TkRk-82Phy8ts0,"Telco Nursery, Cross Rd NO. 12, Telco Colony, Jamshedpur, East Singhbhum, Kolhan Division, JH, IN, 831004",831004
ChIJO9H_mMni9TkRQTGh0vJjwS0,"Indra Nagar, Telco Colony, Jamshedpur, East Singhbhum, Kolhan Division, JH, IN, 831008",831008
ChIJB019eAEI9jkRQ6ElorFm5u0,"Telco Colony, Jamshedpur, East Singhbhum, Kolhan Division, JH, IN, 831004",831004
ChIJyzWVl5vjrTsRw7PrcjyGKDo,"Ajji Mess Gold, Rangappa st, Karanje Extension, Malur, Kolar, Bangalore Division, KA, IN, 563130",563130
ChIJg3SCJfjjrTsR8-COX8L3iEk,"2W2P+J66, Malur, Kolar, Bangalore Division, KA, IN, 563130",563130
ChIJc7ZWvRITrjsRi5OVo6xzCIY,"Bus Stop, Sarjapur - Marathahalli Rd, Kaikondrahalli, Bengaluru, Bengaluru Urban, Bangalore Division, KA, IN, 560034",560034
ChIJDWuXjw4WrjsRYeTXrB9GH7E,"33, Kempegowda Rd, Gandhi Nagar, Bengaluru, Bengaluru Urban, Bangalore Division, KA, IN, 560009",560009
ChIJkenrIxkTrjsRZa3m4_6fDSQ,"71/2, Kaikondrahalli, Bengaluru, Bengaluru Urban, Bangalore Division, KA, IN, 560035",560035
ChIJiZgUlxITrjsROaItuGaHOU4,"Bus Stop, 550/71, Wipro Office, Sarjapur - Marathahalli Rd, Kaikondrahalli, Bengaluru, Bengaluru Urban, Bangalore Division, KA, IN, 560035",560035
ChIJ72IbpAnirTsRQAfHRJrTzX8,"Farm Land, Kolar, Bangalore Division, KA, IN, 563130",563130
ChIJlUATlI3jrTsR93FcRX6b_ik,"Adarsh Nagar, Malur, Kolar, Bangalore Division, KA, IN, 563130",563130
ChIJ3ZvKfAYUrjsRGuckzDe-GxE,"23, HAL Old Airport Rd, HAL 2nd Stage, Kodihalli, Bengaluru, Bengaluru Urban, Bangalore Division, KA, IN, 560008",560008
ChIJxd5UDy8XrjsRefYbpqpOKDI,"1305, 10th Main Rd, Main Road, HAL 3rd Stage, Jeevan Bima Nagar, Bengaluru, Bengaluru Urban, Bangalore Division, KA, IN, 560075",560075
ChIJ5cIs5Q_j9TkR2PznaNEyfhw,"Bazar, T4, PM Mall, Purulia Rd, SNP Area, Sakchi, Jamshedpur, East Singhbhum, Kolhan Division, JH, IN, 831001",831001
ChIJOzfQShfj9TkRJIRHP-uHNO4,"2nd floor, KTM service centre, South Indian Bank, New Kalimati Rd, Sakchi, Jamshedpur, East Singhbhum, Kolhan Division, JH, IN, 831001",831001
ChIJ3dJGIKzi9TkRkMEf3Pppjig,"Ground Floor, Ring Rd, Telco Colony, Jamshedpur, East Singhbhum, Kolhan Division, JH, IN, 831004",831004
ChIJ35o7xnII9jkR9VhLlvRj-MM,"Kamdhenu Enclave, Prakash Nagar, Ghorabandha, Jamshedpur, East Singhbhum, Kolhan Division, JH, IN, 831004",831004
ChIJg8J5hLbi9TkR5TWRLAmWBaY,"Jamshedpur, Indra Nagar, Telco Colony, East Singhbhum, Kolhan Division, JH, IN, 831004",831004
ChIJqy9CCbLi9TkRKbmhGYQK3mY,"k2-20, Rd No. 3, Telco Colony, Jamshedpur, East Singhbhum, Kolhan Division, JH, IN, 831004",831004
ChIJT1bZ34Li9TkRH1Y8qQEwvRU,"Hari Mandir, Baridih Basti, Christian Colony, Tata, East Singhbhum, Kolhan Division, JH, IN, 831017",831017
ChIJdYGFl2iyAjoRVbIdH-QywyE,"9HRQ+PV2, Mumbai - Kolkata Hwy, Dhamtor, Paschim Medinipur, Medinipur Division, WB, IN, 721126",721126
ChIJXS4Kt6ac-DkRtCxTed2WzYw,"Water, Adarshnagar, Konnagar, Nabagram Colony, Hooghly, Burdwan Division, WB, IN, 712246",712246
ChIJcypa_K6c-DkReURerN31Cpc,"Konnagar, Kanaipur, Nabagram Colony, Hooghly, Burdwan Division, WB, IN, 712246",712246
ChIJA1OND_6d-DkRIx-6k8W-xPI,"P82P+6QQ, Unnamed Road, Adarshnagar, Konnagar, Nabagram Colony, Hooghly, Burdwan Division, WB, IN, 712246",712246
ChIJgdXqZmXj9TkR_9YHNLjv-eE,"Head Post Office, Bistupur, E road, Bistupur, Jamshedpur, East Singhbhum, Kolhan Division, JH, IN, 831001",831001
ChIJWXp2gXvj9TkRxWspI2lqpVg,"Asian Inn Hotel, Dhatkidih, Jamshedpur, East Singhbhum, Kolhan Division, JH, IN, 831005",831005
ChIJaWeEj9ri9TkRtN3Ak-3xFbc,"Q6HF+GH5, Namda Basti, Jamshedpur, East Singhbhum, Kolhan Division, JH, IN, 831003",831003
ChIJyebQZNDi9TkR8LdXAWTZWAk,"Q6GF+WH4, Namda Basti, Jamshedpur, East Singhbhum, Kolhan Division, JH, IN, 831003",831003
ChIJswgY4Arj9TkRZo0yFAawue4,"Q6JV+GV, Indra Nagar, Telco Colony, Jamshedpur, East Singhbhum, Kolhan Division, JH, IN, 831004",831004
ChIJxWg2o8_i9TkR6TN3NZydGTc,"Q6GH+GCF, Namdih Rd, Gayatri Nagar, Nildih, Jamshedpur, East Singhbhum, Kolhan Division, JH, IN, 831004",831004
ChIJsUDoNqri9TkR1wnTiKA2LTM,"Q7C3+MPF, Telco Colony, Jamshedpur, East Singhbhum, Kolhan Division, JH, IN, 831004",831004
ChIJMUJV8xITrjsR_SYNcJAnwjU,"MedPlus, Sarjapur - Marathahalli Rd, Kaikondrahalli, Kasavanahalli, Bengaluru Urban, Bangalore Division, KA, IN, 560035",560035
ChIJNVv9mAbirTsRRvGJVJ5x-LA,"XWRM+692, Malur, Kolar, Bangalore Division, KA, IN, 563160",563160
ChIJW0SNTMjjrTsR7FJrXVj1ZZY,"2W2R+79M, Arleri Rd, Adarsh Nagar, Malur, Kolar, Bangalore Division, KA, IN, 563130",563130
ChIJheS0-QnjrTsRkVeGXeSKIn4,"XWXW+756, Arleri Rd, White Garden, Malur, Kolar, Bangalore Division, KA, IN, 563130",563130
ChIJfe8SRM8WrjsRcgFw2ZSNdok,"Baiyappanahalli Rd, Sathya Nagar, Bennigana Halli, Bengaluru, Bengaluru Urban, Bangalore Division, KA, IN, 560033",560033
ChIJcxzNrQVJTToRk8rD1QzCgTM,"Tirupati, Chittoor, AP, IN, 517520",517520
ChIJm3Gr2JV3AjoR8wX9Y1o370U,"12322, Station Rd, Howrah Railway Station, Howrah, Howrah, Presidency Division, WB, IN, 711101",711101
ChIJBc32dMLi9TkRuz6gGsRweRI,"Q6QH+WVW, Tin Plate Basti, Jamshedpur, East Singhbhum, Kolhan Division, JH, IN, 831003",831003
ChIJK6peCO7i9TkR7i27Hx8QI7I,"Sidhgora, Jamshedpur, East Singhbhum, Kolhan Division, JH, IN, 831009",831009
ChIJC4vADgUI9jkR0S1vkHrzkwU,"River View, Prakash Nagar, Telco Colony, Jamshedpur, East Singhbhum, Kolhan Division, JH, IN, 831004",831004
ChIJ9R49W6Li9TkRJDoHVqLPwuU,"Viswakarma Temple, Zone Number 4, Lohar Basti, Birsanagar, Jamshedpur, East Singhbhum, Kolhan Division, JH, IN, 831019",831019
ChIJHaPHxfQJ9jkR9it6D-dzT60,"Q7F7+849, Kharangajhar, Bari Nagar, Jamshedpur, East Singhbhum, Kolhan Division, JH, IN, 831004",831004
ChIJqeAeubfi9TkRnxEcLIhIZ_w,"Q6GP+GVM, Indra Nagar, Telco Colony, Jamshedpur, East Singhbhum, Kolhan Division, JH, IN, 831004",831004
ChIJ2Xjbuw_j9TkRKxKMnPH7zi8,"New Kalimati Rd, Sakchi, Jamshedpur, East Singhbhum, Kolhan Division, JH, IN, 831001",831001
ChIJD6QFR2jj9TkR5PBviefpkzY,"SINGHBHUM EAST, Cable Town, Namda Basti, East Singhbhum, Kolhan Division, JH, IN, 831003",831003
ChIJv-qQ_rXi9TkRAAMyEs6hm1M,"Q6CP+QMJ, Telco Rd, Indra Nagar, Telco Colony, Jamshedpur, East Singhbhum, Kolhan Division, JH, IN, 831004",831004
ChIJc2ZHUMXi9TkRX-OxX93lqR0,"Q6HG+FJF, Tube Colony, Namda Basti, Jamshedpur, East Singhbhum, Kolhan Division, JH, IN, 831003",831003
ChIJO_ttxA8I9jkRI6R-R0X1KQU,"A-5, Prakash Nagar, River View, Prakash Nagar, Ghorabandha, Jamshedpur, East Singhbhum, Kolhan Division, JH, IN, 831004",831004
ChIJkauLI7Li9TkRd5WjR-tHbP8,"Q6CV+RW6, Telco Colony, Jamshedpur, East Singhbhum, Kolhan Division, JH, IN, 831004",831004
ChIJdXZw7MkeIDoR3LXfMGoK9Cw,"Railway Station, Madhusudan Marg, Daily Market, Railway Colony, Rourkela, Sundargarh, Northern Division, OR, IN, 769001",769001
ChIJB-SGpWkWIToRvkDNbMq_rdE,"Khetrajpur, Sambalpur, Sambalpur, Northern Division, OR, IN, 768003",768003
ChIJZw86uGjlOzoRPjoZPReO2EY,"Foot Over Bridge, Pedavemali, Vizianagaram, Vizianagaram, AP, IN, 535003",535003
ChIJgQ4atHNoOToRbjbxP_YFbkQ,"IN, Visakhapatnam, Visakhapatnam, AP, 530009",530009
ChIJWyZkq1_lNToRoeZfVa8qSWk,"Vijayawada, PNT Colony, Krishna, AP, IN, 520003",520003
ChIJEY_nmxNHrTsRoc7Dv0nKTf4,"Katpadi, Vellore, Vellore, TN, IN, 632007",632007
ChIJfeYGqYdHrTsR3EYit3gy29g,"Katpadi, Venkatesapuram, Kilithampatarai, Vandaranthangal, Vellore, TN, IN, 632007",632007
ChIJeWUMfE2rrTsRibO8Sv0h-n4,"Jolarpettai Railway Sta Rd, Jolarpet, Tirupathur, TN, IN, 635851",635851
ChIJQQbZqQUWrjsRJyAnnR1UdBo,"21,East, Tank Bund Rd, Gandhi Nagar, Bengaluru, Bengaluru Urban, Bangalore Division, KA, IN, 560009",560009
ChIJaxOWdOfi9TkRDhONa__StYg,"Golmuri, Jamshedpur, East Singhbhum, Kolhan Division, JH, IN, 831003",831003
ChIJ3XjyQ3Hj9TkR6mQfL0qEUFs,"Northern Town, Jamshedpur, East Singhbhum, Kolhan Division, JH, IN, 831001",831001
ChIJYZ0m4QEI9jkREbM3ifrwx6c,"Kharangajhar, Telco Colony, Jamshedpur, East Singhbhum, Kolhan Division, JH, IN, 831004",831004
ChIJc-KGyc3j9TkRUABdmj-nYW8,"Yash Plaza, NH33, SAHARA CITY, Mango, Jamshedpur, East Singhbhum, Kolhan Division, JH, IN, 832110",832110
ChIJ5YF2Ft_j9TkRYu5aUE4q4Bw,"Namda Basti, Jamshedpur, East Singhbhum, Kolhan Division, JH, IN, 831003",831003
ChIJ8w0SO67i9TkR3X1hCrvhgjQ,"Q6FW+RR8, Telco Colony, Jamshedpur, East Singhbhum, Kolhan Division, JH, IN, 831004",831004
ChIJrauQtOHj9TkR1HblpgrrCOQ,"Jamshedpur, Bistupur, East Singhbhum, Kolhan Division, JH, IN, 831001",831001
ChIJ4a41-y_j9TkRGgLONEfj5YU,"H No 300, Line, 10, New Kalimati Rd, Hirasingh Bagan, Kasidih, Jamshedpur, East Singhbhum, Kolhan Division, JH, IN, 831001",831001
ChIJiZlV9svj9TkRYXF1jLdJv4c,"Sakchi, Jamshedpur, East Singhbhum, Kolhan Division, JH, IN, 831001",831001
ChIJN-mXWPzj9TkRHreH83P1POA,"Sakchi, Hirasingh Bagan, Jamshedpur, East Singhbhum, Kolhan Division, JH, IN, 831001",831001
ChIJpTLNtrbi9TkR6p4Qm7P30yw,"Azad Market, Indra Nagar, Telco Town, Jamshedpur, East Singhbhum, Kolhan Division, JH, IN, 831004",831004
ChIJVR8M6FX99TkREZJi0_6n0FY,"Hudco Lake, Gobindpur Colony, Govindpur, Jamshedpur, East Singhbhum, Kolhan Division, JH, IN",NaN
ChIJIZGtPwbj9TkRCanMcSPh3NA,"R664+9JH, Gandak Road Colony, Sakchi, Jamshedpur, East Singhbhum, Kolhan Division, JH, IN, 831001",831001
ChIJucuTxAvj9TkR_PvIS_azPGQ,"R55X+MW5, Ambagan, Sakchi, Jamshedpur, East Singhbhum, Kolhan Division, JH, IN, 831001",831001
ChIJZbshsogJ9jkRLvNHZxGcKME,"Q7H7+FGJ, Hurlung Rd, telco near chinmaya scholl, Sadhudera, Birsanagar, Jamshedpur, East Singhbhum, Kolhan Division, JH, IN, 831004",831004
ChIJvy7QKbTi9TkRthh9Pqi3MzA,"Azad Market, Indra Nagar, Telco Colony, Jamshedpur, East Singhbhum, Kolhan Division, JH, IN, 831004",831004
ChIJRSoZRabi9TkRw6YtxHzy_CI,"K2 - 25, Cross Rd 23, Telco Colony, Jamshedpur, East Singhbhum, Kolhan Division, JH, IN, 831004",831004
ChIJr7s46Czj9DkR4oZjhW83vPA,"Tatisilwai, Ranchi, South Chotanagpur Division, JH, IN, 835103",835103
ChIJrYVViWbj9TkRXMnVMis7P1I,"Bistupur, Jamshedpur, East Singhbhum, Kolhan Division, JH, IN, 831001",831001
ChIJC5q5-FTi9TkRpqyvm9DsAZk,"R689+Q8P, Gaur Basti, Mango, Jamshedpur, East Singhbhum, Kolhan Division, JH, IN, 831012",831012
ChIJowv4Mp_j9TkRWhqNlH1dRLs,"Unnamed Road, Kailash Nagar, Namda Basti, Jamshedpur, East Singhbhum, Kolhan Division, JH, IN, 831007",831007
ChIJN4j8-6ji9TkRhbNodNpiaHA,"Q7G3+CFC, Telco Colony, Jamshedpur, East Singhbhum, Kolhan Division, JH, IN, 831004",831004
ChIJt4bJRtrj9TkRvQb0VJqa-QQ,"Q6GH+6XC, Manifit Rd, Manifit, Namda Basti, Jamshedpur, East Singhbhum, Kolhan Division, JH, IN, 831004",831004
ChIJiQXv0Xnh9DkRsnsUkRHXvpY,"IN, Kantatoli, Ranchi, Ranchi, South Chotanagpur Division, JH, 834001",834001
ChIJ-WWfIpjh9DkRA3qi5hVDt9E,"Station Rd, Gosaintola, Ranchi, Ranchi, South Chotanagpur Division, JH, IN, 834001",834001
ChIJ--f4bqbi9TkR6Q-7TQRJay8,"Kundu Medical, Sunday Market, Birsanagar, Jamshedpur, East Singhbhum, Kolhan Division, JH, IN, 831004",831004
ChIJ1U8qdK8J9jkRX7SuCW6p4Ng,"Kamdhenu Enclave, Prakash Nagar, Ghorabandha, Jamshedpur, East Singhbhum, Kolhan Division, JH, IN, 831004",831004
ChIJkzpzXq7i9TkRuijZ_9GkaNE,"Q6FX+MGV, Rd Number 8, Telco Colony, Jamshedpur, East Singhbhum, Kolhan Division, JH, IN, 831004",831004
ChIJV4rQKufi9TkRZBZMWqVYrTs,"Indian Army Store, Sabirya Complex, R.S. Tower, Masjid Rd, Golmuri Golf Course, Golmuri, Jamshedpur, East Singhbhum, Kolhan Division, JH, IN, 831003",831003
ChIJjam4TC_99TkR_y8kzpIYhvs,"H-No-51, shiv mandir, Sopodera Rd, Salgajhari, Parsudih, Jamshedpur, East Singhbhum, Kolhan Division, JH, IN, 831002",831002
ChIJ74mm4K7i9TkRM4NijIDzFDA,"Q6GX+4XV, Telco Colony, Jamshedpur, East Singhbhum, Kolhan Division, JH, IN, 831004",831004
ChIJGxLumebi9TkR_R_QB9Ymg7w,"GF 5, 34, Golmuri Rd, Punjabi Refugee Colony, Golmuri, Jamshedpur, East Singhbhum, Kolhan Division, JH, IN, 831003",831003
ChIJ49NrzBrj9TkRZjl-2YLE-dc,"New Kalimati Rd, Hirasingh Bagan, Kasidih, Jamshedpur, East Singhbhum, Kolhan Division, JH, IN, 831001",831001
ChIJZXi4xQjj9TkR8yA2yKUqPJg,"99, Thakur Bari Rd, SNP Area, Ambagan, Sakchi, Jamshedpur, East Singhbhum, Kolhan Division, JH, IN, 831001",831001
ChIJi7f_57Dj9TkRhX68c3lc-zM,"R624+V37, Hirasingh Bagan, Kasidih, Jamshedpur, East Singhbhum, Kolhan Division, JH, IN, 831001",831001
ChIJJZ3xeubi9TkRBDDvfPZZ998,"Telco Road, Golmuri, Jamshedpur, East Singhbhum, Kolhan Division, JH, IN, 831001",831001
ChIJRSw2AF0J9jkRsvVMkGqn-KE,"Q7V7+63G, TRF Colony, Baridih, Jamshedpur, East Singhbhum, Kolhan Division, JH, IN, 831017",831017
ChIJ19tjhFvj9TkRlR7dlUGdIbA,"Bhubaneshwari Plaza, Plaza Market, 3rd Main Rd, Telco Colony, Jamshedpur, East Singhbhum, Kolhan Division, JH, IN, 831004",831004
ChIJI_dN4nHj9TkRPAmt1WlZDdY,"R642+2PC, SNP Area, Ambagan, Sakchi, Jamshedpur, East Singhbhum, Kolhan Division, JH, IN, 831001",831001
ChIJnzXt44v1HDoRW4ax62hgis0,"No 105, Bengal Club, SNP Area, Ambagan, Sakchi, Jamshedpur, East Singhbhum, Kolhan Division, JH, IN, 831001",831001
ChIJxXuWyhrj9TkRnIV6puGKqf0,"Jhanda Chowk, Sakchi Market Rd, Sakchi, Jamshedpur, East Singhbhum, Kolhan Division, JH, IN, 831001",831001
ChIJsVh196ni9TkRKxp995zKZa4,"Q7F4+58J, G. E. Hostel, Telco Colony, Jamshedpur, East Singhbhum, Kolhan Division, JH, IN, 831004",831004
ChIJsXPw6Ms89DkRft-qDEchLNY,"Station Rd, Railway Colony, Bokaro Steel City, Bokaro, North Chotanagpur Division, JH, IN, 827010",827010
ChIJs8uW4eYtjjkRGAnjxYG7JxU,"maa surge balika intermediate collage, Railwayganj Colony, Varanasi, Varanasi, Varanasi Division, UP, IN, 221002",221002
ChIJnbU2KocyjjkRVcp9UCDgnwU,"Radha Petrol Pump, Grand Trunk Rd, Modhaila, Bhullanpur, Varanasi, Varanasi, Varanasi Division, UP, IN, 221108",221108
ChIJ1R6LEBQomzkRdY6I2SfKQYY,"GP memorial college, Grand Trunk Rd, Kokhraj Uperhar, Chak Chamarupur Lathpur Koh, Kaushambi, Prayagraj Division, UP, IN, 212203",212203
ChIJNQprVM5xczkRd6sNxftk4OE,"Yamuna Expressway Link Rd, Kailash Nagar, Vrindavan, Mathura, Agra Division, UP, IN, 281121",281121
ChIJN7ZmoottczkRdGtojvIAA0I,"IN, Chhatikara, Mathura, Agra Division, UP, 281121",281121
ChIJQUbFaI4VczkRVfhxrAyJdLk,"Punjab National Bank, Chennai - Delhi Hwy, Chhata Rural, Mathura, Agra Division, UP, IN, 281401",281401
ChIJCwBUtJbbDDkRLwKuGD4qhKk,"IN, Ballabhgarh, Faridabad, Faridabad, Faridabad Division, HR, 121004",121004
ChIJo8hsu0r9DDkRznEMm6eRsyk,"2763/2, Inter State Bus Terminal, Mori Gate, New Delhi, Central Delhi, Delhi Division, DL, IN, 110006",110006
ChIJLbhhNkj9DDkR6ub7kSjN0Yo,"CENTRAL DELHI, Ludlow Castle, Civil Lines, Central Delhi, Delhi Division, DL, IN, 110054",110054
ChIJlxWl1oAyjjkRuqWkytjTUn8,"7WXX+P59, Ford Showroom, Grand Trunk Rd, Lohta Bazar, Churamanpur, Varanasi, Varanasi Division, UP, IN, 221108",221108
ChIJg-OJaNotjjkROuByJtxjRr0,"Phulwaria Main Rd, Bazardiha, Maheshpur, Varanasi, Varanasi, Varanasi Division, UP, IN, 221002",221002
ChIJYQqCp-YtjjkRBYfARQ2EBU0,"s21/13, Englishia Line Rd, Vidya Vihar Colony, Chetganj, Varanasi, Varanasi, Varanasi Division, UP, IN, 221002",221002
ChIJGx2ABR3j9TkRn6Tt700wfNM,"Q6VC+5FV, Marwah Arcade, Golmuri, Jamshedpur, East Singhbhum, Kolhan Division, JH, IN, 831003",831003
ChIJxY-lk69xAjoRqXIQwWObwJI,"Ground Floor, Relife Nursing Home, Canara Bank, Masjid Rd, Tuiladungri, Golmuri, Jamshedpur, East Singhbhum, Kolhan Division, JH, IN, 831003",831003
ChIJM71VtYIJ9jkRNXWxBxg1d1g,"Q7C5+99W, Kharangajhar, Telco Colony, Jamshedpur, East Singhbhum, Kolhan Division, JH, IN, 831004",831004
ChIJSYCkEmHj9TkR6agAK_ZGkRc,"4th Floor, Hitesh Bhawan, Birenu tower, 10, SNP Area, Ambagan, Sakchi, Jamshedpur, East Singhbhum, Kolhan Division, JH, IN, 831001",831001
ChIJ1U-Yhbbi9TkR38o5V5cTk5o,"Azad Market, Indra Nagar, Telco Colony, Jamshedpur, East Singhbhum, Kolhan Division, JH, IN, 831004",831004
ChIJX8Detw8I9jkREOg6GcMcIPs,"River View, River View, Prakash Nagar, Telco Colony, Jamshedpur, East Singhbhum, Kolhan Division, JH, IN, 831004",831004
ChIJNTTfPt5COToRLe7UKJC8gQQ,"Visakhapatnam, Railway Quarters, Railway New Colony, Visakhapatnam, AP, IN, 530004",530004
ChIJJTMjl-TvNToR10KtvfsPM5s,"Vinchipeta, Vijayawada, Krishna, AP, IN, 520001",520001
ChIJhapALqkUczkRxr2GigXNRKk,"JHX3+4M5, ivs institute, Akbarpur, Mathura, Agra Division, UP, IN, 281401",281401
ChIJd7HtbnRxczkR45VueHiK0yo,"Mathura - Vrindavan Marg, Ganga Vihar Colony, Chowk Bazar, Mathura, Mathura, Agra Division, UP, IN, 281003",281003
ChIJRa2GIjNuczkRAnjDQ9sQfnI,"HMHX+443, C.F.C School Rd, Kishor Pura, Vrindavan, Mathura, Agra Division, UP, IN, 281121",281121
ChIJFw3uZa8UczkRsDmOE_KGWWY,"NH2, Mathura, Mathura, Agra Division, UP, IN, 281406",281406
ChIJK3uGaq5sczkR6iO7DqVorPI,"Chaumuhan Rural, Mathura, Agra Division, UP, IN, 281406",281406
ChIJM3Aw9KoUczkRuUj7-hmDyxw,"Akbarpur, Mathura, Agra Division, UP, IN, 281406",281406
ChIJbUW3MmNxczkRFHy9z4XVIQs,"Bhuteshwar Rd, Dwarka Enclave, Krishna Nagar, Mathura, Mathura, Agra Division, UP, IN, 281001",281001
ChIJnUt_gEhxczkRx8W71b9QU4s,"Mayur Vihar, Mathura, Mathura, Agra Division, UP, IN, 281001",281001
ChIJGyI8PiQkbjkRnLNULOU1OiY,"Sawai Madhopur, Indra Colony, Sawai Madhopur, Bharatpur Division, RJ, IN, 322001",322001
ChIJJTgCiF2abzkR1dFMhGblGF0,"1, Station Main Rd, Bhimganj Mandi, Kota, Kota, Kota Division, RJ, IN, 324002",324002
ChIJA1XivOOEbzkROff7YYhGsRA,"Rajeev Gandhi Nagar, Instrumentation Limited Colony, Kota, Kota, Kota Division, RJ, IN, 324005",324005
ChIJVTCD8GaabzkR7BGa0UrRQf4,"Baran Rd, New Railway Colony, Railway Station Area, Kota, Kota, Kota Division, RJ, IN, 325201",325201
ChIJrzDjOu92dDkRy__sMEO13Kw,"Siroli Rd, Agra Cantt, Idgah Colony, Dhanauli, Agra, Agra Division, UP, IN, 282001",282001
ChIJc9DbR0RHnDkRikAurfrjWlc,"Harris Ganj, Mirpur, Kanpur, Kanpur Nagar, Kanpur Division, UP, IN, 208004",208004
ChIJHw3avA44nDkRX4chYy2CRzk,"117/H-2/ 168-A, Pandu Nagar, Kanpur, Kanpur Nagar, Kanpur Division, UP, IN, 208005",208005
ChIJoUjqBAEI9jkRCQbuwEvgPww,"Kharangajhar Market, Telco Colony, Jamshedpur, East Singhbhum, Kolhan Division, JH, IN, 831004",831004
ChIJa491JwMI9jkRIP6FmIXqWA0,"Q7H5+8MQ, Telco Colony, Jamshedpur, East Singhbhum, Kolhan Division, JH, IN, 831004",831004
ChIJi41WVRbg9DkRhSOGtIj2HvQ,"87GR+M4Q, Sector 1, Masibari, Ranchi, Ranchi, South Chotanagpur Division, JH, IN, 834004",834004
ChIJEVNGDjSj9TkRNdVyZy2Q4Xo,"2Q66+8XR, Rugri, Ranchi, South Chotanagpur Division, JH, IN, 835225",835225
ChIJxTeSz5vj9DkRUtm7-uSAqGI,"3, Marwadi Aarogya Bhawan, 01, Booty Rd, Muharram Toli, Bariatu, Ranchi, Ranchi, South Chotanagpur Division, JH, IN, 834009",834009
ChIJET28d6tsczkRQqf8Q8j4YzQ,"Shop 50, NO.1 ATM, Akbarpur - Shergarh Rd, Akbarpur, Mathura, Agra Division, UP, IN, 281406",281406
ChIJwf4ONAcVczkR-skJFu3hc6c,"Sanskriti University, Chennai - Delhi Hwy, Semri, Mathura, Agra Division, UP, IN, 281401",281401
ChIJqcaT9wcVczkR_ZS0fFUJpGg,"MGW8+6FM, NH2, Semri, Mathura, Agra Division, UP, IN, 281401",281401
ChIJq6qq6sBsczkRIu2hAWDFCTU,"Chaumuhan, Mathura, Agra Division, UP, IN, 281406",281406
ChIJMxL6IK_i9TkRxwMeFqhuQiw,"Jamshedpur, Telco Colony, East Singhbhum, Kolhan Division, JH, IN, 831004",831004
ChIJQ_kRzqD08jkR2Tmrnbu7gw8,"Jamshedpur, Golmuri, East Singhbhum, Kolhan Division, JH, IN, 831003",831003
ChIJLQuZ1wYI9jkRPQbJyrIzN9M,"83, H N Rd, Karthik Nagar, Kharangajhar, Telco Colony, Jamshedpur, East Singhbhum, Kolhan Division, JH, IN, 831004",831004
ChIJxZGsDBLj9TkRefSgoBG_xnM,"Sakchi, Ambagan, Jamshedpur, East Singhbhum, Kolhan Division, JH, IN, 831001",831001
ChIJsyz8bQ_j9TkRLcywU0bPMV8,"Shreeji Arcade, SBI ATM, Pennar Rd, SNP Area, Sakchi, Jamshedpur, East Singhbhum, Kolhan Division, JH, IN, 831001",831001
ChIJWy9Os6_i9TkRAKkEBo3tSsE,"Q6GX+66M, Telco Colony, Jamshedpur, East Singhbhum, Kolhan Division, JH, IN, 831004",831004
ChIJg3hZJarj9TkRmSjUOzNvx74,"Gandhi Ghat, Jamshedpur, East Singhbhum, Kolhan Division, JH, IN, 831001",831001
ChIJtWECv6Th9DkRqkopiPLlZYc,"Station Rd, New Garden, Kanka, Ranchi, Ranchi, South Chotanagpur Division, JH, IN, 834001",834001
ChIJOSGroBEb9DkROPOOx9amgIM,"Gomoh, Dhanbad, North Chotanagpur Division, JH, IN, 828401",828401
ChIJKVI12eI6jjkRqQiPTj7eFZI,"IN, Mughalsarai, Chandauli, Varanasi Division, UP, 276001",276001
ChIJk70Wqj77DDkRlMdmQOtzRlU,"Footover Bridge, Plot Alpha, Isbt Anand Vihar, Anand Vihar, Delhi, Shahdara, Delhi Division, DL, IN, 110092",110092
ChIJweD380v7DDkRb4I-53Ni7Q8,"A-77, Street No. 17, Madhu Vihar, I.P.Extension, Patparganj, Delhi, East Delhi, Delhi Division, DL, IN, 110092",110092
ChIJ62N1m2pxczkRvUy-_UjKRSY,"IN, Shanti Nagar, Mathura, Mathura, Agra Division, UP, 281001",281001
ChIJb2p6mnFxczkREdvYvrZcuHk,"Janam bhoomi Marg, Chowk Bazar, Mathura, Mathura, Agra Division, UP, IN, 281001",281001
ChIJ47adNQ5xczkRMoXl6y1GMb8,"Vishram Bazar, Choubey Para, Mathura, Mathura, Agra Division, UP, IN, 281001",281001
ChIJ1X6VpstvczkRiqeoIB8klqk,"brahmakund, Goda Vihar, Vrindavan, Mathura, Agra Division, UP, IN, 281121",281121
ChIJX_zEk6oUczkRtkw0JR-MKAs,"Srinagar - Kanyakumari Hwy, Akbarpur, Mathura, Agra Division, UP, IN, 281406",281406
ChIJ3z0c1hEI9jkRvYq0NpxdHyI,"Loyla B, d College Road, Zone 1B, Sadhudera, Birsanagar, Jamshedpur, East Singhbhum, Kolhan Division, JH, IN, 831004",831004
ChIJJ7wmbPcH9jkRSl2Lj3pFjCU,"R6Q8+GRH, Jharkhand Colony, Mango, Chhota Gobindpur, East Singhbhum, Kolhan Division, JH, IN, 831015",831015
ChIJN7lRYqLp9TkRuW6qK2Vx4MI,"Subarnarekha River, IN",NaN
ChIJSaC1mOfi9TkRP1kGw27kPsU,"Golmuri, Jamshedpur, East Singhbhum, Kolhan Division, JH, IN, 831003",831003
ChIJYYw4TbLi9TkReoopu0tfmvw,"Bpcl Red Carpet Petrol Bunk, Telco, Tata Motors, Telco Colony, Jamshedpur, East Singhbhum, Kolhan Division, JH, IN, 831004",831004
ChIJR8Uw1g8I9jkRPuivUpdE81U,"F-14/1, River View, Prakash Nagar, Telco Colony, Jamshedpur, East Singhbhum, Kolhan Division, JH, IN, 831004",831004
ChIJS_gknwEI9jkRtPgB1iGyTKE,"Kharangajhar Market, Kharangajhar, Telco Colony, Jamshedpur, East Singhbhum, Kolhan Division, JH, IN, 831004",831004
ChIJh9Kjc4Lj9TkRVvhHJkTELVc,"R57J+6PJ, Balichela Godown Area, Sonari, Jamshedpur, East Singhbhum, Kolhan Division, JH, IN, 831011",831011
ChIJCaA2RxY35DkRSuOxXX8doM8,"V74X+768, Matigara - Kurseong Rd, Rohini Tea Garden, Darjeeling, Jalpaiguri Division, WB, IN, 734217",734217
ChIJby514ZQu5DkReyANo6P3H-0,"27R7+RRW, Hill Cart Rd, Chauk Bazaar, Darjeeling, Darjeeling, Jalpaiguri Division, WB, IN, 734101",734101
ChIJ_fuXl5ug5jkRNRXtFmCiqHw,"5GFJ+686, NH 31A, Rangpo, East Sikkim, SK, IN, 737132",737132
ChIJK9EJ_xKl5jkRrZocXlzmmqQ,"8J94+4JW, Vishal Gaon, Gangtok, East Sikkim, SK, IN, 737102",737102
ChIJp_l1TWul5jkRKTjC-ZsXWhk,"8JG7+FVR, Secretariat, Secretariat Rd, Vishal Gaon, Gangtok, East Sikkim, SK, IN, 737101",737101
ChIJ1ccDJkCl5jkRWxsK5UptQlo,"8JJ8+MG7, Arithang, Gangtok, East Sikkim, SK, IN, 737111",737111
ChIJu48wKrK65jkRqjkoesrILHo,"Lower Burtuk Rd, Gangtok, East Sikkim, SK, IN, 737101",737101
ChIJ130pIhWl5jkR5PA5SEP7PIA,"8JH7+F9P, Taxi Stand, Tibet Rd, Arithang, Gangtok, East Sikkim, SK, IN, 737101",737101
ChIJ53D0tw-l5jkRGkaOCY5yVyE,"Syari Rd, Deorali Bazar, Gangtok, East Sikkim, SK, IN, 737102",737102
ChIJnTPpbqLk9TkR2svjVB4y1Js,"Q5Q9+3C2, Dindli Basti, Adityapur, Jamshedpur, Seraikela Kharsawan, Kolhan Division, JH, IN, 831013",831013
ChIJhWeI6Jjk9TkRygxT3cvMRSg,"HIG-256, Naginapuri, Dindli Basti, Adityapur, Jamshedpur, Seraikela Kharsawan, Kolhan Division, JH, IN, 831013",831013
ChIJ2xk9MgEI9jkRhk9txdkbtjY,"Debnath Homes, Gram Vikas Maidan, Kharangajhar, Telco Colony, Jamshedpur, East Singhbhum, Kolhan Division, JH, IN, 831004",831004
ChIJZfGBHg_j9TkRru4n59awKeQ,"Sakchi, SNP Area, Jamshedpur, East Singhbhum, Kolhan Division, JH, IN, 831001",831001
ChIJlxEKDw_jDDkREk3nwomkhSU,"New Delhi, Nizamuddin, Nizamuddin East, South East Delhi, Delhi Division, DL, IN, 110013",110013
ChIJiTnU1ijj9TkRaAXzxQbII_o,"Q6G6+2FH, Burma Mines Rd, Burma Mines, Jamshedpur, East Singhbhum, Kolhan Division, JH, IN, 831007",831007
ChIJA7Ol3yfj9TkRJtEXZ3QsRjQ,"Q6H7+5Q4, Burma Mines, Susnigerya, East Singhbhum, Kolhan Division, JH, IN, 831007",831007
ChIJPdFNRrbi9TkRB23mDS89tBo,"Telco Lake, Indra Nagar, Telco Colony, Jamshedpur, East Singhbhum, Kolhan Division, JH, IN, 831004",831004
ChIJO-62HQEI9jkRm9Q0e0C6Hv8,"New Sai Colony garu basa, Radhika Nagar, Kharangajhar, Bari Nagar, Jamshedpur, Hurlung, East Singhbhum, Kolhan Division, JH, IN, 831004",831004
ChIJseuU8Mbi9TkRzGZzMEFbkxs,"Q794+67C, Kharangajhar, Telco Colony, Jamshedpur, East Singhbhum, Kolhan Division, JH, IN, 831004",831004
ChIJuxgx6dSujTkRLdeeji1zBY0,"W5HM+QJ8, Dalmianagar, Dehri, Rohtas, Patna Division, BR, IN, 821305",821305
ChIJpV0Nqa6gGToRDalOkUpt-aM,"84, Balaji complex, Jail Rd, Jharapada, Bhubaneswar, Khordha, Central Division, OR, IN, 751006",751006
ChIJbygkCaygGToRq4wY5KFF6qw,"84, Jail Rd, Jharapada, Bhubaneswar, Khordha, Central Division, OR, IN, 751006",751006
ChIJBXs6ETz9DDkRFllm4f46kfg,"Bhavbhuti Marg, Ratan Lal Market, Kamla Market, Ajmeri Gate, New Delhi, Central Delhi, Delhi Division, DL, IN, 110006",110006
ChIJp971tkA8czkRJ9UVYhvBmXU,"Pedestrian Opas, Kosi Kalan, Mathura, Agra Division, UP, IN, 281403",281403
ChIJ3TkMefsUczkR7IbtMRt27QM,"Chhata Rural, Mathura, Agra Division, UP, IN, 281401",281401
ChIJK5L49nxxczkRaaZ_spi4z9E,"GM35+F7X, Madhuvan Road, Dwarka Enclave, Krishna Nagar, Mathura, Mathura, Agra Division, UP, IN, 281004",281004
ChIJzycGWP8H9jkR5jrIEbkV-vE,"Q764+MJC, Gobindpur Colony, Govindpur, Jamshedpur, East Singhbhum, Kolhan Division, JH, IN, 831004",831004
ChIJm_kbueHi9TkRttc26evShJg,"Q6V8+FV8, Gurudwara Rd, Tuiladungri, Golmuri, Jamshedpur, East Singhbhum, Kolhan Division, JH, IN, 831003",831003
ChIJx4dC81Dg9DkR0gdZMjRmuc8,"Ashok Kunj, Harmu Housing Colony, Delatoli, Ranchi, Ranchi, South Chotanagpur Division, JH, IN, 834002",834002
ChIJl1SOCrHh9DkR3762Qv-5DIA,"87MJ+GGR, Sail City Rd, New Housing Colony, Sail City, Masibari, Ranchi, Ranchi, South Chotanagpur Division, JH, IN, 834002",834002
ChIJpcjkOQ_j9TkRPMCpvBLAa4U,"Ground Floor, SNP Area, Sakchi, Jamshedpur, East Singhbhum, Kolhan Division, JH, IN, 831001",831001
ChIJw-1RKVzj9TkR_0BB88yDIFg,"Telco Colony, Jamshedpur, East Singhbhum, Kolhan Division, JH, IN, 831004",831004
ChIJAQAAAGHj9TkReCBOgITk_Zw,"Q5XG+3QJ, Rd Number 4, Contractors Area, Bistupur, Jamshedpur, East Singhbhum, Kolhan Division, JH, IN, 831001",831001
ChIJIbcxTQ7j9TkRTng2zCER008,"New Kalimati Rd, Sakchi, Jamshedpur, East Singhbhum, Kolhan Division, JH, IN, 831001",831001
ChIJ0fdv6XPj9TkRVRuSMRg-pM4,"R54R+8HJ, Straight Mile Rd, Northern Town, Jamshedpur, East Singhbhum, Kolhan Division, JH, IN, 831001",831001
ChIJBS8zn_UH9jkRTcrj6mI_54Q,"Jamshedpur, Gobindpur Colony, Govindpur, East Singhbhum, Kolhan Division, JH, IN, 831015",831015
ChIJFWqBPIQVczkRIL-5mqkIvKE,"Chhata Rural, Mathura, Agra Division, UP, IN, 281401",281401
ChIJ7a2mNZ8VczkRBATcVAUGm2g,"Chhata Rural, Mathura, Agra Division, UP, IN, 281401",281401
ChIJbY5C7aoUczkRXRMj8DB_Wkw,"JHV5+JWR, Akbarpur, Mathura, Agra Division, UP, IN, 281406",281406
ChIJZ_8mBM-EbzkRHBQLGE1Dqps,"K-3, New Jawahar Nagar, Talwandi, Kota, Kota, Kota Division, RJ, IN, 324005",324005
ChIJu_s3G-oUczkR9NWCyzxJlGk,"Mathura, Mathura, Agra Division, UP, IN, 281401",281401
ChIJG1aeNqEVczkRhqv6RsJzB3k,"PG26+VV5, Chatta Railway Station Rd, Chhata Rural, Mathura, Agra Division, UP, IN, 281401",281401
ChIJQUbFaI4VczkR8ZT2yRG1a3U,"Chhata, Mathura, Agra Division, UP, IN, 281001",281001
ChIJOcD_e-RsczkRQWMsqT385Q8,"Chaumuhan, Mathura, Agra Division, UP, IN, 281406",281406
ChIJmRhV6e8UczkROKNL1UP0_M0,"Semri, Mathura, Agra Division, UP, IN, 281401",281401
ChIJYzCbnmXj9TkRFxJa5JqkkoE,"Dâ€™Costa Mansion, Main Road, Bistupur, Jamshedpur, East Singhbhum, Kolhan Division, JH, IN, 831001",831001
ChIJO9698wYI9jkR3d_h94yEG4w,"Q7C7+FFP, Radhika Nagar, Kharangajhar, Bari Nagar, Jamshedpur, East Singhbhum, Kolhan Division, JH, IN, 831004",831004
ChIJiTAJEgXj9TkRXEibUPXe7FI,"4, Aditya Tower, Bistupur, Jamshedpur, East Singhbhum, Kolhan Division, JH, IN, 831001",831001
ChIJR_GxsHbj9TkRFH-aD_l2Fh0,"Ground N Town, North Park, Main Rd, Northern Town, Jamshedpur, East Singhbhum, Kolhan Division, JH, IN, 831001",831001
ChIJTVaOVjELrjsRpgXg0nL3WJw,"VVW8+5P5, Chikka Tirupathi, Kolar, Bangalore Division, KA, IN, 563160",563160
ChIJ3Xb-eADirTsR_DJr151FJys,"Malur, Kolar, Bangalore Division, KA, IN, 563130",563130
ChIJ1TwyFy_jrTsRFs4DZYQoNKY,"XWMH+C9M, Malur, Kolar, Bangalore Division, KA, IN, 563160",563160
ChIJTQml_f_hrTsRsztIJmyoH7g,"Kolar, Bangalore Division, KA, IN, 563160",563160
ChIJq6qq6hLirTsR91yJLnlORho,"2W3V+26H, Seethanayakanahalli, Maruthi Extension, Malur, Kolar, Bangalore Division, KA, IN, 563130",563130
ChIJHwSt3FzjrTsRGeGNMyOVzB4,"Nehru Extension, Malur, Kolar, Bangalore Division, KA, IN, 563130",563130
ChIJpbZJDQ_j9TkRnpCIhRDDAO0,"Jamshedpur, Hirasingh Bagan, Kasidih, East Singhbhum, Kolhan Division, JH, IN, 831001",831001
ChIJY8RVeQEI9jkRdFdjdoZjTDA,"Q7F5+2P5, Kharangajhar, Bari Nagar, Jamshedpur, East Singhbhum, Kolhan Division, JH, IN, 831004",831004
ChIJVUW_4QYI9jkRjPYtfqgnENk,"Q7C7+26F, Karthik Nagar, Kharangajhar, Telco Colony, Jamshedpur, East Singhbhum, Kolhan Division, JH, IN, 831004",831004
ChIJ1aNuMgEI9jkRwpqCg60TwOQ,"Gram Vikas Maidan, Kharangajhar, Telco, Jamshedpur, East Singhbhum, Kolhan Division, JH, IN, 831004",831004
ChIJpTy0qbb89TkR6AHiji8LFj8,"Q55R+P92, LBSM College Rd, Harharguttu, Jugsalai, Jamshedpur, East Singhbhum, Kolhan Division, JH, IN, 831002",831002
ChIJVxpB2bPi9TkRuIhNZApSAJA,"Sabuj Kalyan Sangha, Indra Nagar, Telco Colony, Jamshedpur, East Singhbhum, Kolhan Division, JH, IN, 831004",831004
ChIJ-YgQawAI9jkRgslppBuP5q4,"of Tata Motors Hospital, Kharangajhar, Telco Colony, Jamshedpur, East Singhbhum, Kolhan Division, JH, IN, 831004",831004
ChIJ29-I1eXi9TkRSM7X6uHCFH8,"Q6VF+PRJ, Tin Plate Basti, Jamshedpur, East Singhbhum, Kolhan Division, JH, IN, 831009",831009
ChIJa5JxcbHi9TkR5ALxeHComWc,"New Market, Indra Nagar, Telco Colony, Jamshedpur, East Singhbhum, Kolhan Division, JH, IN, 831004",831004
ChIJ3wb21K3i9TkR8t9sMVHxBkA,"Ring Rd, Telco Colony, Jamshedpur, East Singhbhum, Kolhan Division, JH, IN, 831004",831004
ChIJwxF_UrLi9TkRG3JS1KGZbRg,"P.O, Telco Colony, Jamshedpur, East Singhbhum, East Singhbhum, JH, IN, 831004",831004
ChIJSb4SVYXk9TkRyjPiSVl0BAA,"Green Enclave, Kadma, Jamshedpur, East Singhbhum, Kolhan Division, JH, IN, 831005",831005
ChIJpR9rZ8jj9TkRV32CkTiklmc,"Canara Bank, Diagonal Rd, South Park, Bistupur, Jamshedpur, East Singhbhum, Kolhan Division, JH, IN, 831001",831001
ChIJdTrgfwYI9jkRHNhf1974sfI,"Kharangajhar Market, ganesh mandir, Telco, Jamshedpur, East Singhbhum, Kolhan Division, JH, IN, 831004",831004
ChIJMzNKF_UH9jkRHOjOYLkpXI4,"P7V5+X8G, Gobindpur Colony, Govindpur, Chhota Gobindpur, East Singhbhum, Kolhan Division, JH, IN, 831015",831015
ChIJyfCN7ubi9TkRZ_lllAa8zfM,"82, Market, Golmuri, Jamshedpur, East Singhbhum, Kolhan Division, JH, IN, 831003",831003
ChIJS1UwMJcVczkRUXUFwYeatrM,"Chhata, Mathura, Agra Division, UP, IN, 281401",281401
ChIJF3GuCQEVczkRS7r28JNQxTE,"MGQ9+7RX, Semri, Mathura, Agra Division, UP, IN, 281401",281401
ChIJDeiGqwEVczkRz1LzNowYjw4,"MH22+R85, Mathura, Mathura, Agra Division, UP, IN, 281406",281406
ChIJVaczluBhgTkR0VmnugFUs7w,"Road, Gandhi Ganj, Katni, Katni, Jabalpur Division, MP, IN, 483501",483501
ChIJwccvgcgNczkRJQtr_XBAa9s,"GF5R+H2M, Radha Kund, Mathura, Agra Division, UP, IN, 281501",281501
ChIJ-_6PK2NxczkRRqoF3gnamxg,"Shop No. 216, Equal Of Khatri Studio, mayank Gas Agency, Street, Krishna Nagar, Mathura, Mathura, Agra Division, UP, IN, 281004",281004
ChIJMYlFtqASczkRjRjC58anCro,"HG2V+4M4, Ral, Mathura, Agra Division, UP, IN, 281504",281504
ChIJGce7dbpsczkR1PmJj9sOlgo,"JHHF+7CR, NH2, Chaumuhan Rural, Mathura, Agra Division, UP, IN, 281406",281406
ChIJVWrCh6UUczkRb_Vggm-MXR8,"281406, Mathura, Agra Division, UP, IN",281406
ChIJCwvuk1MTczkRKoKmkgfAaV8,"Chaumuhan Rural, Mathura, Agra Division, UP, IN, 281502",281502
ChIJuYil6o4TczkRGN1N4OP2TM4,"JHR5+J2X, Sihana Rd, Akbarpur, Mathura, Agra Division, UP, IN, 281406",281406
ChIJmV76ofUVczkR9IfooRdJYYc,"Mathura, Semri, Agra Division, UP, IN, 281401",281401
ChIJAQAAAGHj9TkRwSrhajk6Vuw,"TMH Clinic, C/O, Jamshedpur Eye Hospital, SNP Area, Ambagan, Sakchi, Jamshedpur, East Singhbhum, Kolhan Division, JH, IN, 831001",831001
ChIJTXnjUQbj9TkR6YzzwQkNY34,"Sakchi, SNP Area, Ambagan, Jamshedpur, East Singhbhum, Kolhan Division, JH, IN, 831001",831001
ChIJsVgElrbi9TkRTJeJQol253E,"Azad Market, Indra Nagar, Telco, Jamshedpur, East Singhbhum, Kolhan Division, JH, IN, 831004",831004
ChIJ9xsuymzk9TkRVyaDEBhTCf8,"Domuhani, Jamshedpur, East Singhbhum, Kolhan Division, JH, IN, 831011",831011
ChIJAX_dnQEI9jkR0JdIgDsDGmA,"Kharangajhar, Bari Nagar, Jamshedpur, East Singhbhum, Kolhan Division, JH, IN, 831004",831004
ChIJ1wXplQMI9jkRJO4Rr_HuNDA,"Q7F6+V8C, Telco Colony, Jamshedpur, East Singhbhum, Kolhan Division, JH, IN, 831004",831004
ChIJf4fL2O3i9TkRHIgFxRLSwrI,"Q6XJ+XRH, Straight Mile Rd, Sidhgora, Jamshedpur, East Singhbhum, Kolhan Division, JH, IN, 831003",831003
ChIJz8ULV0bj9TkR9XY66314bJ0,"Bus Stand, Jai Prakash Narayan Setu Bridge, Gandhi Ghat, Mango, Jamshedpur, East Singhbhum, Kolhan Division, JH, IN, 831001",831001
ChIJeYUvssLj9DkRjptL9psPyPw,"Shivaji Chowk, Bariatu Rd, Vijay Nagar, Ohdar Village, Ranchi, Ranchi, South Chotanagpur Division, JH, IN, 834009",834009
ChIJE6WJoJjh9DkRayYCtBeUvDs,"983M+9PH, Chutia, Gosaintola, Ranchi, Ranchi, South Chotanagpur Division, JH, IN, 834027",834027
ChIJnfcLde7i9TkRW6ihFzHf-Uw,"Jamshedpur, Sidhgora, East Singhbhum, Kolhan Division, JH, IN, 831009",831009
ChIJV6m96p_j9TkRrJzb7yvcDJk,"Holding no. 10, Bank of Baroda ATM building, Sunday market, Birsanagar Zone No.2, No.1, Birsanagar, Jamshedpur, East Singhbhum, Kolhan Division, JH, IN, 831019",831019
ChIJh3-B0mz99TkRC-vC4-0tH74,"Q55W+99H, Karandih, Jugsalai, Bagbera colony, East Singhbhum, Kolhan Division, JH, IN, 831002",831002
ChIJPfTikl9HnDkRaFfFS1-Rkz4,"Kanpur, Dhana Khori, Mirpur, Kanpur Nagar, Kanpur Division, UP, IN, 208001",208001
ChIJj7j7e_8H9jkRBjgbhqWi62U,"Q763+754, Gobindpur Colony, Govindpur, Jamshedpur, East Singhbhum, Kolhan Division, JH, IN, 831004",831004
ChIJlVC8S0wH9jkRrVsBCIcKR5s,"M7G9+FQ6, Luyadi, East Singhbhum, Kolhan Division, JH, IN, 832102",832102
ChIJj687w-Ti9TkRlScRxGazovw,"Agrico Colony, Agrico Area, Jamshedpur, East Singhbhum, Kolhan Division, JH, IN, 831009",831009
ChIJi1uJzWJxczkRt23TjQ1-kdc,"Goverdhan, Chandrs Lok Colony, Choraha, Krishna Nagar, Mathura, Mathura, Agra Division, UP, IN, 281004",281004
ChIJp-EHNAcVczkRDRBjTVHmJbM,"Chennai - Delhi Hwy, Brindavan, Chhata Rural, Mathura, Agra Division, UP, IN, 281401",281401
ChIJz-Ws8itxczkRodPRXdD3QpI,"FMFV+JMQ, Yodha Circle-NH2 Rd, Civil Lines, Mathura Cantonment, Mathura, Mathura, Agra Division, UP, IN, 281001",281001
ChIJYWxX7Y5tczkRzZnf9fl_5dM,"Srinagar - Kanyakumari Hwy, Chhatikara, Mathura, Agra Division, UP, IN, 281406",281406
ChIJM5klA9hzczkRoHDLMv4UYfU,"IN, Vishwalaxmi Nagar, Mathura, Mathura, Agra Division, UP, 281004",281004
ChIJAa3RPuzaDDkR8GS1V4yEbdM,"Agra Canal, IN",NaN
ChIJuTxHa6xsczkRgWl1pxCXvIk,"JHP8+GF3, Chaumuhan Rural, Mathura, Agra Division, UP, IN, 281406",281406
ChIJD02PCLJsczkRqyCbwW8pTSI,"Sanjay Institute Of Engg. & Mgntchaumuhan, Chhata Rural, Mathura, Mathura, Agra Division, UP, IN, 281406",281406
ChIJM6bBm1YTczkRDxubuTCMMrA,"Mathura, Mathura, Agra Division, UP, IN, 281406",281406
ChIJNWtqu6gUczkRZspwe_EyYao,"Faculty Appartments, NH#2, NH2, Akbarpur, Mathura, Agra Division, UP, IN, 281406",281406
ChIJX8X3lbhsczkR3My2imeEBY0,"Akbarpur, Mathura, Agra Division, UP, IN, 281406",281406
ChIJD1HgvNlwdzkRmyz8G0-4P7o,"Pedestrian Opas, Rani Laxmi Nagar, Jhansi, Jhansi, Jhansi Division, UP, IN, 284003",284003
ChIJw3yKw9dzczkR3_sEeN6CrmU,"Mathura, Shri Radha Puram, Vishwalaxmi Nagar, Mathura, Agra Division, UP, IN, 281004",281004
ChIJF1VVlcBsczkRLwO_VUEhX08,"Tehsil, Chhata Rural, Mathura, Agra Division, UP, IN, 281406",281406
ChIJ3dXYMPFtczkRJozCj6scFX4,"HJ7Q+9J9, Rina Rd, Raman Reiti, Vrindavan, Mathura, Agra Division, UP, IN, 281121",281121
ChIJv8OKAAEVczkRjh-oH1qFruw,"Mathura, Semri, Agra Division, UP, IN, 281401",281401
ChIJX8SoJqrj9TkRUI3gLDkp_c4,"Purulia Rd, Gandhi Ghat, Jamshedpur, East Singhbhum, Kolhan Division, JH, IN, 831001",831001
ChIJl1IlP8NhgTkR1TYDnbYdbzk,"Murwara-Kuthla Footbridge, Gole Bazar, Katni, Katni, Jabalpur Division, MP, IN, 483504",483504
ChIJE6JHUJZxczkRlXPdl6g87q8,"Ganpati Infinity, F-40G, Mathura - Vrindavan Marg, Vrindavan, Mathura, Agra Division, UP, IN, 281121",281121
ChIJAQAA1f5tczkRUmm4FbLO94c,"HJ6X+G6H, Vrindavan, Mathura, Agra Division, UP, IN, 281121",281121
ChIJBdhOpSLg9DkRvkXIk3Ci-8A,"87FV+6CP, Sector 1, Masibari, Ranchi, Ranchi, South Chotanagpur Division, JH, IN, 834004",834004
ChIJmZxnv-Lf9DkRc3S8y2OFXjw,"87FC+Q9G, Ranchi, Ranchi, South Chotanagpur Division, JH, IN, 829110",829110
ChIJvV3bEXjh9DkRgJcY67qn2GA,"Netaji Nagar, Kathartoli, Ranchi, Ranchi, South Chotanagpur Division, JH, IN, 834001",834001
ChIJ8R8tXikLKDoRoo3E0F1uggw,"IN, Tarbahar Chowk, Bilaspur, Bilaspur Division, CG, 495004",495004
ChIJP9XeYhRegTkRg7Bm5RnOMJw,"Jhalwara, Katni, Jabalpur Division, MP, IN, 483501",483501
ChIJmUN97z93dDkRFESgbfw7ufE,"Professors Colony, Civil Lines, Agra, Agra, Agra Division, UP, IN, 282002",282002
ChIJ9_o3KTduczkRb9pwB9uS89E,"Bihari Pura, Raman Reiti, Vrindavan, Mathura, Agra Division, UP, IN, 281121",281121
ChIJKcgTmd9xczkRAZWYR9zFczE,"pagal baba mandir, Mathura - Vrindavan Marg, Marg, Vrindavan, Mathura, Agra Division, UP, IN, 281121",281121
ChIJh6RxJnJxczkRQOJ60L6Jpzo,"Mathura - Vrindavan Marg, Janam Bhumi, Mathura, Mathura, Agra Division, UP, IN, 281001",281001
ChIJi3HWarRvczkR8_kRBGLH7Vk,"Sri Kripalu Maharaj Ji Marg, Raman Reiti, Vrindavan, Mathura, Agra Division, UP, IN, 281121",281121
ChIJ7eZu648VczkRMSEhGerhJj8,"IN, Chhata, Mathura, Agra Division, UP, 281401",281401
ChIJV0R2UCfnDDkRe92kBI-zLB8,"Block B, Block E, Mohan Cooperative Industrial Estate, Badarpur, New Delhi, South East Delhi, Delhi Division, DL, IN, 110044",110044
ChIJFbKJ3xj9DDkRlp2_KZ42V90,"Old Delhi, Jama Masjid, Delhi, Central Delhi, Delhi Division, DL, IN, 110006",110006
ChIJowswABv9DDkRlIwWegNm4LA,"1454, Sis Ganj Guru Dwara, Chandni Chowk Rd, Kucha Mahajani, Chandni Chowk, New Delhi, Central Delhi, Delhi Division, DL, IN, 110006",110006
ChIJd6xkWxDv9TkRl8CJItG7rXM,"Gamharia, Birajpur, Seraikela Kharsawan, Kolhan Division, JH, IN, 832108",832108
ChIJEYeEjObk9TkRFXX52L627w8,"A 21- 22, Phase-1, Adityapur Industrial Area, Adityapur, Jamshedpur, Seraikela Kharsawan, Kolhan Division, JH, IN, 832109",832109
ChIJkT8L6g_j9TkREVukufUZ500,"Howrah Bridge, New Kalimati Rd, Punjabi Refugee Colony, Sakchi, Jamshedpur, East Singhbhum, Kolhan Division, JH, IN, 831001",831001
ChIJU7LyCWHj9TkRkeDjWZI5BJ0,"Sakchi Blvd Rd, Northern Town, Jamshedpur, East Singhbhum, Kolhan Division, JH, IN, 831001",831001
ChIJYRjRYMfi9TkR0MXffQ7zO2I,"Q6MP+29F, Zone Number 6, Birsanagar, Jamshedpur, East Singhbhum, Kolhan Division, JH, IN, 831003",831003
ChIJzXGCs8j89TkRaIek9Rjf0Bc,"Q632+V5M, Pramatham Nagar, Karandih, Jugsalai, Bagbera colony, East Singhbhum, Kolhan Division, JH, IN, 831002",831002
ChIJS03T_6Pi9TkRoEUIbx5OIIg,"Jamshedpur, Birsanagar Zone No.2, Birsanagar, East Singhbhum, Kolhan Division, JH, IN, 831019",831019
ChIJKZz_TzPi9TkRYwQDMJyBZZw,"Dimna Rd, Jharkhand Colony, Mango, Jamshedpur, East Singhbhum, Kolhan Division, JH, IN, 831012",831012
ChIJbfXCs2_k9TkRIEgiorp5nTg,"River Meet Rd, Sangam Vihar, Sonari, Jamshedpur, East Singhbhum, Kolhan Division, JH, IN, 831011",831011
ChIJEz6MMGUJ9jkRPaj6lVw86g4,"Q7H6+4C6, Bhubnewari Mandir Road, Prakash Nagar, Telco Colony, Jamshedpur, East Singhbhum, Kolhan Division, JH, IN, 831004",831004
ChIJJ9EWPB0I9jkRAGeATMD9ouQ,"Ashok Rd, Trf Nagar, Telco, Jamshedpur, East Singhbhum, Kolhan Division, JH, IN, 831004",831004
ChIJdb2VWz8J9jkR2FeU8IiLG-0,"Q7M9+587, Sadhudera, Birsanagar, Jamshedpur, East Singhbhum, Kolhan Division, JH, IN, 831019",831019
ChIJ56sXLk7j9TkRxvxtguhFRIs,"spykar showroom, SNP Area, Ambagan, Sakchi, Jamshedpur, East Singhbhum, Kolhan Division, JH, IN, 831001",831001
ChIJD5a9TbLi9TkREz_K46YwLIA,"Red Carpet Service Station, Tata Motors, Telco Colony, Jamshedpur, East Singhbhum, Kolhan Division, JH, IN, 831004",831004
ChIJrwyRMAEI9jkR3R3j9g9kgtc,"Q7C6+999, Kharangajhar, Bari Nagar, Jamshedpur, East Singhbhum, Kolhan Division, JH, IN, 831004",831004
ChIJDd6vs6Ti9TkRVf_io4IBffQ,"Sunday Market, Birsanagar, Jamshedpur, East Singhbhum, Kolhan Division, JH, IN, 831004",831004
ChIJnVtjxevk9TkR8kMCUXsEC2c,"Adityapur Industrial Area, Adityapur, Jamshedpur, Seraikela Kharsawan, Kolhan Division, JH, IN, 832109",832109
ChIJE37jUQbj9TkRVxeCvhraoeo,"& 12, Seagull Apartment, SNP Area, Ambagan, Sakchi, Jamshedpur, East Singhbhum, Kolhan Division, JH, IN, 831001",831001
ChIJZ_DD76vj9TkRu5Eiv2vzYx4,"R62J+4R3, Straight Mile Rd, Sidhgora, Jamshedpur, East Singhbhum, Kolhan Division, JH, IN, 831009",831009
ChIJg4tvdAsI9jkRNGfUig33Nvw,"39B, Ghorabandha Rd, Ghorabandha, Jamshedpur, East Singhbhum, Kolhan Division, JH, IN, 831004",831004
ChIJUbkRL7Ti9TkRJDXSAWgCpTI,"L4 - 7, E - Rd, Indra Nagar, Telco Colony, Jamshedpur, East Singhbhum, Kolhan Division, JH, IN, 831004",831004
ChIJUxdk_NHi9TkRTAOfqXNVymk,"Mamta Floor Mil, Manifit, Namda Basti, Jamshedpur, East Singhbhum, Kolhan Division, JH, IN, 831004",831004
ChIJRVVjuifl9TkRslSfJzERP70,"Domuhani Rd, Sangam Vihar, Sonari, Jamshedpur, East Singhbhum, Kolhan Division, JH, IN, 831011",831011
ChIJ47UwHrfi9TkRRuHVDm_lM2Q,"Q6GQ+5WM, Indra Nagar, Telco Colony, Jamshedpur, East Singhbhum, Kolhan Division, JH, IN, 831004",831004
ChIJezjNie_i9TkRJI1OOlInxlM,"Agrico Area, Agrico Colony, Jamshedpur, East Singhbhum, Kolhan Division, JH, IN, 831009",831009
ChIJk6S69JXj9TkR4MNH1gvo4bM,"R625+9VV, 9, Mills Area, Sakchi, Jamshedpur, East Singhbhum, Kolhan Division, JH, IN, 831001",831001
ChIJKTli7hAI9jkRWG_xclYbhp4,"Q7M9+587, Sadhudera, Birsanagar, Jamshedpur, East Singhbhum, Kolhan Division, JH, IN, 831019",831019
ChIJDVOGiqFwdDkROkz35x-Fr-w,"Post Office, Foundry Nagar, Agra, Agra, Agra Division, UP, IN, 282006",282006
ChIJ9dfR905xdDkR93gh4FnfF1Q,"Foundry Nagar, Agra, Agra, Agra Division, UP, IN, 282006",282006
ChIJV0ClTtgCDTkRUx6E-UugozA,"New Delhi, Pusa, New Delhi, Delhi Division, DL, IN, 110012",110012
ChIJvWjisb8CDTkRnxpUSuCkk44,"Pusa, New Delhi, West Delhi, Delhi Division, DL, IN, 110012",110012
ChIJhYjVKYgtczkRF54NOCrM0Gg,"X8XJ+38R, NH 19, Khatela Sarai, Palwal, Faridabad Division, HR, IN, 121105",121105
ChIJcXreNH1xczkRmQ1vZGftRwc,"City Center Mall, Income Tax Office, NH2, Radhika Vihar, Mathura, Mathura, Agra Division, UP, IN, 281004",281004
ChIJC3sVko8VczkRvTK8_J2OQX8,"National Highway 2, Chhata, Mathura, Agra Division, UP, IN, 281401",281401
ChIJBa31SqEVczkRVUT0yMbXluw,"PG26+VWC, Chhata Rural, Mathura, Agra Division, UP, IN, 281401",281401
ChIJwV8MpsFNkjkRR5LuaxaC2n8,"73M4+FCJ, Khadesar, Deoria, Gorakhpur Division, UP, IN, 274703",274703
ChIJM5kB4HI1kjkRHWE3tB8CaZs,"7W26+WV5, Salempur, Deoria, Gorakhpur Division, UP, IN, 274509",274509
ChIJeaK2Hv-1kzkR12jh8qZX2vg,"Bhatni Bazar, Deoria, Gorakhpur Division, UP, IN, 274701",274701
ChIJQ9obvKBLkjkRqLjrOTaTPIA,"Chhoti Gandak Nadi, IN",NaN
ChIJ7_r2Sj3FkzkRnGtZ5iXJpUA,"Deoria Sadar, Deoria, Deoria, Gorakhpur Division, UP, IN, 274001",274001
ChIJId87BWn9mzkRW0cfqyCCFXk,"Badshah Nagar Government Colony, Railway Colony, Balmikinagar, Lucknow, Lucknow, Lucknow Division, UP, IN, 226006",226006
ChIJbUVctDzgdDkRa3aq7qJvEeQ,"Nadrai Gate Main Market Rd, Kasganj, Kasganj, Etah, UP, IN, 207123",207123
ChIJUUTbCwEI9jkR0v7MFWVUksk,"Q7C5+CPR, Kharangajhar, Bari Nagar, Jamshedpur, East Singhbhum, Kolhan Division, JH, IN, 831004",831004
ChIJIy7shOPi9TkRI4ji5m-PrlM,"Q6MG+5X6, Tube Colony, Golmuri, Jamshedpur, East Singhbhum, Kolhan Division, JH, IN, 831009",831009
ChIJDUPB-QEI9jkRsIMM4nAD9ZE,"831004, Telco Colony, Jamshedpur, East Singhbhum, Kolhan Division, JH, IN",831004
ChIJI8-WRsji9TkR8ulSKX8_Fh0,"Q6GM+GRM, Telco Colony, Jamshedpur, East Singhbhum, Kolhan Division, JH, IN, 831004",831004
ChIJT2oW6wEI9jkR7nPi1IgEbAo,"831004, Telco Colony, Jamshedpur, East Singhbhum, Kolhan Division, JH, IN",831004
ChIJeQZcB6HGdjkR48QKwUvFoMU,"Railway Colony, LNUPE Campus, Thatipur, Gwalior, Gwalior, Gwalior Division, MP, IN, 474002",474002
ChIJRRwS-q-KDDkRRrvoEt3ztaQ,"Modinagar, Ghaziabad, Meerut Division, UP, IN, 201204",201204
ChIJqYPKiapHCTkRW-gz32FFODE,"Purusharthi Market Road, Shikhu Pur, Devpura, Haridwar, Haridwar, Garhwal Division, UK, IN, 249401",249401
ChIJG5LY9P9GCTkRPJzM4yW3mbE,"Haridwar, Devpura, Haridwar, Garhwal Division, UK, IN, 249401",249401
ChIJc9WJKlVGCTkRdQyF05OmocM,"bus stand, Devpura, Haridwar, Haridwar, Garhwal Division, UK, IN, 249401",249401
ChIJSZiLHbYrCTkRunTqVjFGCDo,"IN, Subhash Nagar, Dehradun, Dehradun, Garhwal Division, UK, 248171",248171
ChIJC75j93MrCTkR9z-9DyKign0,"170, 170, Pant Marg, Clement Town, Dehradun, Dehradun, Garhwal Division, UK, IN, 248001",248001
ChIJ05dWiv0pCTkRHoIOle32x-M,"72MM+PP8, Unnamed Road, Banjarawala, Dehradun, Dehradun, Garhwal Division, UK, IN, 248001",248001
ChIJvWRbkZcrCTkRVO3WY0wof9o,"Chandrabani Rd, Ekta Enclave, Sewla Kalan, Majra, Dehradun, Dehradun, Garhwal Division, UK, IN, 248171",248171
ChIJ-cEU1OspCTkRcEe3_DRE92c,"Bengali Kothi, Banjarawala, Dehradun, Dehradun, Garhwal Division, UK, IN, 248001",248001
ChIJR55npssrCTkRXKP_k990KUI,"ISBT, Majra, Dehradun, Dehradun, Garhwal Division, UK, IN, 248171",248171
ChIJo8XkkOopCTkR6fk6K1otkVs,"Hanuman Mandir, Railway Station entry road, Hanuman Chowk, Ajit Prasad Nagar, Khurbura Mohalla, Dehradun, Dehradun, Garhwal Division, UK, IN, 248001",248001
ChIJG51u3MvXCDkRt71ww_r5gnA,"Rajpur Rd, Jakhan, Dehradun, Dehradun, Garhwal Division, UK, IN, 248001",248001
ChIJKYsSYzIqCTkRPfrn_2F0Tbc,"Ground floor, 583 K, ITI, Saharanpur Rd, Niranjanpur, Dehradun, Dehradun, Garhwal Division, UK, IN, 248003",248003
ChIJe_IQTxorCTkR3wULHPzu70U,"Sewla Kalan, Majra, Dehradun, Dehradun, Garhwal Division, UK, IN, 248171",248171
ChIJo1jJl7QrCTkR0ZN2rmjF4N8,"157/11, Chandra Parisar Chandra Bani Rd, Ekta Enclave, Doon Enclave, Majra, Dehradun, Dehradun, Garhwal Division, UK, IN, 248171",248171
ChIJiWqr3-MpCTkR1ZHEYWB2iZU,"479, Banjarawala, Dehradun, Dehradun, Garhwal Division, UK, IN, 248121",248121
ChIJBQBPpssrCTkRI5ZRjZtjO5U,"National HIghway 72A, Majra, Dehradun, Dehradun, Garhwal Division, UK, IN, 248171",248171
ChIJF2VoqssrCTkRfIs_9wA_w_M,"Shop No.2, Prity Enclave, Saharanpur Rd, Sewla Kalan, Majra, Dehradun, Dehradun, Garhwal Division, UK, IN, 248171",248171
ChIJYUcztmQrCTkRrDbi1qOShW4,"94, Saharanpur Rd, Niranjanpur, Dehradun, Dehradun, Garhwal Division, UK, IN, 248001",248001
ChIJY1cnheopCTkRXzA2l_dSWNw,"Clock Tower, Paltan Bazaar, Dehradun, Dehradun, Garhwal Division, UK, IN, 248001",248001
ChIJ_UxbrJMpCTkRiNIP5EM6QU8,"14, Tilak Rd, Babu Ganj, Ajit Prasad Nagar, Paltan Bazaar, Dehradun, Dehradun, Garhwal Division, UK, IN, 248001",248001
ChIJ214gLZIpCTkRcKLQ48_Ompk,"IN, Govind Nagar, Race Course, Dehradun, Dehradun, Garhwal Division, UK, 248001",248001
ChIJZ60ok8ApCTkR3Sq170LA53o,"Pant Rd, Darshan Lal Chowk, Race Course, Dehradun, Dehradun, Garhwal Division, UK, IN, 248001",248001
ChIJeVDUC8zXCDkR9YNr6xPDe7k,"Plot No 152, Axiom Mall, Rajpur Rd, Jakhan, Dehradun, Dehradun, Garhwal Division, UK, IN, 248001",248001
ChIJRQ3SxOopCTkRzC5H51TnzwQ,"82FR+54M, 38, Paltan Bazar Rd, Darshan Lal Chowk, Moti Bazar, Paltan Bazaar, Dehradun, Dehradun, Garhwal Division, UK, IN, 248001",248001
ChIJsQkJsG4pCTkRL4HCOPcQuhE,"72JP+X9R, Banjarawala, Dehradun, Dehradun, Garhwal Division, UK, IN, 248001",248001
ChIJOd2nqr4rCTkRfEjrlVwWCUc,"20, Shimla Bypass Rd, Indraprasth Enclave, Majra, Dehradun, Dehradun, Garhwal Division, UK, IN, 248171",248171
ChIJ8wYzf5IpCTkRIr_5mpVOzxA,"Bank of India, Shimla Bypass Rd, Sewla Kalan, Chowk, Dehradun, Dehradun, Garhwal Division, UK, IN, 248001",248001
ChIJC5LkTy4qCTkRjpzLT-Meg-4,"226, Saharanpur Rd, Sewla Kalan, Majra, Dehradun, Dehradun, Garhwal Division, UK, IN, 248171",248171
ChIJDeHInpEpCTkR9_7TM0khInk,"Lakkhi Bagh, Dehradun, Dehradun, Garhwal Division, UK, IN, 248001",248001
ChIJlXGRkpbQCDkR0HvjQF_AokU,"Road, Naya Mohalla, Landour, Mussoorie, Dehradun, Garhwal Division, UK, IN, 248179",248179
ChIJDR_BSyLRCDkRjAFM79Ru3Pc,"Spring Rd, Library, Chowk, Mussoorie, Dehradun, Garhwal Division, UK, IN, 248179",248179
ChIJa3StByDRCDkRNhdvyZaLLeM,"3, Mall View Shop, Library, The Mall Road, Mussoorie, Dehradun, Garhwal Division, UK, IN, 248179",248179
ChIJBZFZBcTQCDkRh8Md94d92cE,"Mall Rd, The Mall Road, Mussoorie, Dehradun, Garhwal Division, UK, IN, 248179",248179
ChIJi3WVtzzRCDkR3dcHsWG1lfc,"Libary Chowk, The Mall Road, Mussoorie, Dehradun, Garhwal Division, UK, IN, 248179",248179
ChIJ7SWyZsbQCDkR_HZr4x8cUuo,"The Mall Road, Mussoorie, Dehradun, Garhwal Division, UK, IN, 248179",248179
ChIJvz75ccsrCTkRKpV_ABxoibY,"72V2+9GX, Saharanpur Rd, Sewla Kalan, Majra, Dehradun, Dehradun, Garhwal Division, UK, IN, 248171",248171
ChIJf_DwkOopCTkRfqFnJKMQi0U,"4, Paltan Bazar Rd, Ghanta Ghar, Paltan Bazaar, Dehradun, Dehradun, Garhwal Division, UK, IN, 248001",248001
ChIJk07VyMkrCTkRrwxkcWl0Q5s,"Dehradun, Morowala, Clement Town, Dehradun, Garhwal Division, UK, IN, 248002",248002
ChIJCUv2_W4pCTkRYpzKsGMy04Q,"Dehradun, Banjarawala, Dehradun, Garhwal Division, UK, IN, 248001",248001
ChIJe0ppvyspCTkRft2U5lik6uM,"NEAR, ROAD, Kargi Chowk, Banjarawala, Dehradun, Dehradun, Garhwal Division, UK, IN, 248001",248001
ChIJ4SIYlB1HCTkRKFl0k9oB9-o,"W5W5+VW7, Sharvan Nath Nagar, Haridwar, Haridwar, Garhwal Division, UK, IN, 249401",249401
ChIJq6qq6hlHCTkR2Howbt8qhiI,"Shri Jairam Ashram No.1, Har Ki Pauri, Haridwar, Haridwar, Garhwal Division, UK, IN, 249401",249401
ChIJpV2Z8rXWeDkR3YlJof4jZ3w,"Bhagwan Ganj, Sagar, Sagar, Sagar Division, MP, IN, 470001",470001
ChIJSzc0x2_k9TkRSNFGqkpruZk,"R5G7+CG5, Sangam Vihar, Sonari, Jamshedpur, East Singhbhum, Kolhan Division, JH, IN, 831011",831011
ChIJIfMPV3rk9TkRLbZ2o9bxhlw,"R5C9+P3X, River Meet Rd, Kagal Nagar, Sonari, Jamshedpur, East Singhbhum, Kolhan Division, JH, IN, 831011",831011
ChIJgS-ECA8wjjkRAEVuVLw09s8,"Chanditara, Chandauli, Varanasi Division, UP, IN, 221009",221009
ChIJQ7jkjDMujjkRk9YHEPRSMvg,"Yard of kashi railway station, Rajghat, Varanasi, Varanasi, Varanasi Division, UP, IN, 221001",221001
ChIJRfhwNvGKkTkRQyI7AuI4EDI,"Railway Line Road, Railway Colony, Mau, Mau, Azamgarh Division, UP, IN, 275101",275101
ChIJpU4oHMI1kjkRpGVdos_DpI8,"Karjaha, Deoria, Gorakhpur Division, UP, IN, 274505",274505
ChIJz5PeCn41kjkRouhj3NDo9Ho,"Pipra Garib, Deoria, Gorakhpur Division, UP, IN, 274509",274509
ChIJ88UXRgY1kjkRJ6n_J3umsxA,"7W76+935, Sohnag Road, Deoria, Gorakhpur Division, UP, IN, 274509",274509
ChIJlRPnDrtKkjkRigmnRRycY88,"Deoria Salempur Rd, Kauria Jairam, Deoria, Gorakhpur Division, UP, IN, 274509",274509
ChIJ65S9mxQ1kjkRE2yzZgH5B-c,"Parashuram Pokhara, Sohnag, Deoria, Gorakhpur Division, UP, IN, 274509",274509
ChIJfbsYmjNJkjkRVpCsfStfHEI,"52C7+2CR, Deoria, Gorakhpur Division, UP, IN, 841435",841435
ChIJhUgf5M3LkzkRSHWCzfIVxtM,"Deoria, Deoria, Gorakhpur Division, UP, IN, 274201",274201
ChIJw02W6wTvkTkREifcN6vfkZM,"Shahpur Bahor Rai, Ghazipur, Varanasi Division, UP, IN, 275203",275203
ChIJn5s2GuEujjkRIrLnqVjl0z0,"Sarnath Sta Rd, Sarnath, Varanasi, Varanasi, Varanasi Division, UP, IN, 221007",221007
ChIJVx24kCkyjjkRJ4c60-w9fBg,"Ajagara, Varanasi, Varanasi, Varanasi Division, UP, IN, 221005",221005
ChIJ-8sefmoujjkR199RiL4taeM,"Varanasi, Jalalipura, Varanasi, Varanasi Division, UP, IN, 221001",221001
ChIJA57LerHKkzkR3mwymV71ukk,"Salempur, Deoria, Gorakhpur Division, UP, IN, 274509",274509
ChIJczzWI1s1kjkRAWs4oWq8XUI,"7W3F+R8C, Thagwal Kapoor, Deoria, Gorakhpur Division, UP, IN, 274509",274509
ChIJPyCEJbLKkzkRovUaBznzRn0,"Bus stand, Salempur, Salempur, Deoria, Gorakhpur Division, UP, IN, 274509",274509
ChIJW-5Ez7FJkjkRLp6kMskGgpI,"Ajana - Pindi Rd, Pindi, Deoria, Gorakhpur Division, UP, IN, 274508",274508
ChIJO9p7wrlJkjkRD2bKF8VTaB4,"5X74+HW2, Ajana - Pindi Rd, Maghara, Deoria, Gorakhpur Division, UP, IN, 274508",274508
ChIJ3cJf8sdJkjkRjjb51aVW648,"52G2+MXG, Meharouna, Deoria, Gorakhpur Division, UP, IN, 274502",274502
ChIJqUIYlwU1kjkRsJwIojY5RcI,"Salempur, Deoria, Gorakhpur Division, UP, IN, 274509",274509
ChIJUf40VydKkjkREM08SgwL3WQ,"SH72, Lar, Deoria, Gorakhpur Division, UP, IN, 274508",274508
ChIJ6VaHlIdJkjkRnNDsrIUIFZY,"Lar, Deoria, Gorakhpur Division, UP, IN, 274502",274502
ChIJL0BPfUM1kjkRPqiTmsggAB0,"Main Rd, HARAIYA, Salempur, Deoria, Gorakhpur Division, UP, IN, 274509",274509
ChIJE_s3CrLKkzkRB8dkGNS0JsQ,"IN, Nayagaon, Salempur, Deoria, Gorakhpur Division, UP, 274509",274509
ChIJtZSdFdw1kjkRPDbl6D8UnK4,"Rampur, Deoria, Bachhuar, UP, IN, 274509",274509
ChIJ4RNyuIdJkjkRRBHihSUgxPE,"5XW8+J34, Lar, Deoria, Gorakhpur Division, UP, IN, 274508",274508
ChIJ1YTHTi5KkjkRQXIkUhZ9KR8,"Deoria Salempur Rd, Lar, Deoria, Gorakhpur Division, UP, IN, 274502",274502
ChIJKYyACrTKkzkR6dlVuh3E-BQ,"Chero - Salempur Rd, Salempur, Deoria, Gorakhpur Division, UP, IN, 274509",274509
ChIJUauWC5xLkjkRgauMadh9P5M,"6X58+P8H, Deoria Salempur Rd, Lar, Deoria, Gorakhpur Division, UP, IN, 274502",274502
ChIJVVVV1G01kjkR6ruUIp_MK4c,"TILAULI, DIST, Deoria, Deoria, Gorakhpur Division, UP, IN, 274509",274509
ChIJtylO89DKmjkRAAyvlJ1MswQ,"Civil Lines, Prayagraj, Prayagraj, Prayagraj Division, UP, IN, 211001",211001
ChIJD4xsxMvKmjkRZQMeHZg64zQ,"Cinema 67A/78, Dinesh Bhavan, Moti Mahal, Swami Vivekanand Marg, Mohatsim Ganj, Prayagraj, Prayagraj, Prayagraj Division, UP, IN, 211003",211003
ChIJOVMWamBxczkRj5LhDFknkZg,"NH-2, Link Rd, Chandrs Lok Colony, Krishna Nagar, Mathura, Mathura, Agra Division, UP, IN, 281001",281001
ChIJQ9TYXhVxczkRrgIRpSZXFdo,"Sonkh Rd, Adda, Dampier Nagar, Mathura, Mathura, Agra Division, UP, IN, 281001",281001
ChIJqVNgCT_umTkRNu4UbRxf2vs,"Gonda Railway Station Marg, Semra Damman, Gonda, Gonda, Devipatan Division, UP, IN, 271002",271002
ChIJq_iqx0DFkzkRkpmtYpWOmoE,"SH1, Ram Naath Nagar, Deoria, Deoria, Gorakhpur Division, UP, IN, 274001",274001
ChIJg13YbbHKkzkRF7mIBS4qPAQ,"Salempur Rd, Salempur, Deoria, Gorakhpur Division, UP, IN, 274509",274509
ChIJ5Y3bGAnLkzkRv4Lj9R-mZS4,"Salempur, Deoria, Gorakhpur Division, UP, IN, 274509",274509
ChIJ1wg9XaY8JzoRusBFNQcwAbI,"Muralipali, Raigarh, Bilaspur Division, CG, IN, 496005",496005
ChIJ8Ykx4E7j9TkRUoY37-qM6A0,"Q5FQ+MJ2, Kumar Chowk, Jugsalai, Jamshedpur, East Singhbhum, Kolhan Division, JH, IN, 831006",831006
ChIJr9bvlxII9jkR-EYK68NCosE,"Q7HG+X5P, Prakash Nagar, Ghorabandha, Jamshedpur, East Singhbhum, Kolhan Division, JH, IN, 831004",831004
ChIJ2ZLb1rHi9TkRfbc9TNAJaJg,"K2-65, Telco Colony, Jamshedpur, East Singhbhum, Kolhan Division, JH, IN, 831004",831004
ChIJeedVJnIJ9jkRaUBunXv7C3Q,"Q7H7+783, Rd Number 1, Prakash Nagar, Ghorabandha, Jamshedpur, East Singhbhum, Kolhan Division, JH, IN, 831004",831004
ChIJ_VqUXrbi9TkR8rfWpV3EtW4,"Q6GQ+6C4, Telco Lake, Indra Nagar, Telco Colony, Kalimali, East Singhbhum, Kolhan Division, JH, IN, 831004",831004
ChIJC8_iXPPj9TkRx68XSn3H4e0,"19, New Kalimati Rd, Sakchi, Jamshedpur, East Singhbhum, Kolhan Division, JH, IN, 831001",831001
ChIJjbs4Gwzj9TkR2NgPqHqtaAc,"159, Dhalbhum Road, SNP Area, Ambagan, Sakchi, Jamshedpur, East Singhbhum, Kolhan Division, JH, IN, 831001",831001
ChIJSW0H8g7j9TkRcSPEGxSd4SI,"G-4/132, Straight Mile Rd, SNP Area, Ambagan, Sakchi, Jamshedpur, East Singhbhum, Kolhan Division, JH, IN, 831001",831001
ChIJWWa53G0I9jkRsjHsJzCeSB0,"Q7JJ+CGJ, Prakash Nagar, Ghorabandha, Jamshedpur, East Singhbhum, Kolhan Division, JH, IN, 831004",831004
ChIJ3e5igQYI9jkRKqWKXwKPNbM,"Q7F7+3H3, Kharangajhar, Bari Nagar, Jamshedpur, East Singhbhum, Kolhan Division, JH, IN, 831004",831004
ChIJ7cOA3swJ9jkRjRDrVPG2z4Q,"Q7P9+8CR, 1B Rd, TRF Colony, Baridih, Jamshedpur, East Singhbhum, Kolhan Division, JH, IN, 831004",831004
ChIJ42iQlKLj9TkR6vyzf0C1iF0,"Zone No -3, TRF Colony, Birsanagar, Jamshedpur, East Singhbhum, Kolhan Division, JH, IN, 831017",831017
ChIJpb0pjQ_j9TkRUms-s68Cd7s,"R634+43W, Sakchi, Jamshedpur, East Singhbhum, Kolhan Division, JH, IN, 831001",831001
ChIJq_Xr1Xvk9TkR4ha4uUpWbUY,"R5CC+C24, Kagal Nagar, Sonari, Jamshedpur, East Singhbhum, Kolhan Division, JH, IN, 831011",831011
ChIJMzdBpBoI9jkRd1z9P3nHWqQ,"Jamshedpur, Sadhudera, Birsanagar, East Singhbhum, Kolhan Division, JH, IN, 831004",831004
ChIJTUZnayrj9TkRuIJlIm1Qhtg,"Q6C7+3WX, Premnagar, Lakshimi Nagar, Telco, Jamshedpur, East Singhbhum, Kolhan Division, JH, IN, 831004",831004
ChIJxY-hkpcJ9jkRIAhaEvmKpCI,"P13, Prakash Nagar, Telco Colony, Jamshedpur, East Singhbhum, Kolhan Division, JH, IN, 831004",831004
ChIJZSYUG2Xl9TkRAQMluTnUMgg,"Gamharia, Jamshedpur, Seraikela Kharsawan, Kolhan Division, JH, IN, 831014",831014
ChIJWd3HdY4xjjkRK8mlCAO4uf8,"72H2+4WF, Banaras Hindu University, Varanasi, Varanasi, Varanasi Division, UP, IN, 221005",221005
ChIJ92nYXtMxjjkR9QGu1JBwCw8,"Lanka, Varanasi, Varanasi, Varanasi Division, UP, IN, 221005",221005
ChIJtQtO8e0xjjkRjFhDS1MEuIA,"Nagwa Rd, Assi ghat, Shivala, Varanasi, Varanasi, Varanasi Division, UP, IN, 221005",221005
ChIJsb2Mwo0xjjkRTzGUcF2cDHw,"Malviya Kunj, Lanka, Varanasi, Varanasi, Varanasi Division, UP, IN, 221005",221005
ChIJRZfq3-ExjjkR42JTQ7oRQlQ,"8256+488, Dashashwamedh Ghat Rd, Observatory, Man mandir, Rajendra Prasad Ghat, Dashaswmedh, Varanasi, Varanasi, Varanasi Division, UP, IN, 221001",221001
ChIJpWsWkyEujjkRMFCY5N88YH0,"Lalita Ghat, Ghats of Varanasi, Lahori Tola, Varanasi, Varanasi, Varanasi Division, UP, IN, 221001",221001
ChIJS1goqTvj9TkRMlGgHQ-W0dQ,"Holding No 16, New Kalimati Rd, Hirasingh Bagan, Sakchi, Jamshedpur, East Singhbhum, Kolhan Division, JH, IN, 831001",831001
ChIJS6OMOq3j9TkRUWYxrl7RJ9U,"Jamshedpur, Contractors Area, Bistupur, East Singhbhum, Kolhan Division, JH, IN, 831001",831001
ChIJQZm40hoI9jkRNvDrl9GxHpI,"Sadhudera, Birsanagar, Jamshedpur, East Singhbhum, Kolhan Division, JH, IN, 831019",831019
ChIJo9nTdQPj9TkRhqEjTILFcq8,"33, old, Kashidih Rd, Hirasingh Bagan, Sakchi, Jamshedpur, East Singhbhum, Kolhan Division, JH, IN, 831001",831001
ChIJdzUg9-bi9TkRY8rr5GRbyjA,"Golmuri, Kadma Market, Jamshedpur, East Singhbhum, Kolhan Division, JH, IN, 831003",831003
ChIJEVH7R5zk9TkR8snjomULE6Y,"East Singhbhum, Shastri Nagar Block No 2, Shastri Nagar, Kadma, Jamshedpur, Kolhan Division, JH, IN, 831019",831019
ChIJo4mMrSjj9TkRRCAFK6JVXK8,"Q6G6+QF2, Burma Mines Colony, Burma Mines, Jamshedpur, East Singhbhum, Kolhan Division, JH, IN, 831007",831007
ChIJ0aHEJwjj9TkRF3ieHhiePwk,"R673+6GP, Gandak Road Colony, Sakchi, Jamshedpur, East Singhbhum, Kolhan Division, JH, IN, 831001",831001
ChIJJVoA9g0I9jkRqt32Zw1MZeQ,"Kamdhenu Rd, Prakash Nagar, Telco Colony, Jamshedpur, East Singhbhum, Kolhan Division, JH, IN, 831004",831004
ChIJC7z0N67i9TkRkF5Ep4bc7lA,"Q6FX+W2J, Telco Colony, Jamshedpur, East Singhbhum, Kolhan Division, JH, IN, 831004",831004
ChIJbSzw4rDi9TkRNXKGYEG3pKU,"Q6GV+66M, Indra Nagar, Telco Colony, Jamshedpur, East Singhbhum, Kolhan Division, JH, IN, 831004",831004
ChIJY5M7Hlj99TkRe8govhyJI4A,"Q734+W5R, Chandni Chowk, Chhota, Govindpur, Jamshedpur, East Singhbhum, Kolhan Division, JH, IN, 831015",831015
ChIJ21YQ2erk9TkRigST-3W6160,"Adityapur, LIC Colony, Jamshedpur, Seraikela Kharsawan, Kolhan Division, JH, IN, 831013",831013
ChIJ_0deV8rj9TkRgaLxsJzbcos,"10-A, Namda Basti, Jamshedpur, East Singhbhum, Kolhan Division, JH, IN, 831001",831001
ChIJ9yg0yEw1kjkRp50Rn3ebtnQ,"7WW9+3FH, Sohnag Road, Salempur, Deoria, Gorakhpur Division, UP, IN, 274509",274509
ChIJd7EDIK5JkjkRgGHu8miO_v8,"DIST, Pindi, Deoria, Gorakhpur Division, UP, IN, 274508",274508
ChIJsdCSjNQ1kjkRNKTizf7ulyc,"Salempur, Deoria, Gorakhpur Division, UP, IN, 274509",274509
ChIJVVVVVazKkzkRUST_6KNdLvw,"7WX9+945, Salempur, Deoria, Gorakhpur Division, UP, IN, 274509",274509
ChIJJeZRuLPKkzkRk3ysv8AtrY8,"Sohnag Road, Chero mor, Opposite HDFC Bank, Salempur, Deoria, Gorakhpur Division, UP, IN, 274509",274509
ChIJRbIj-ZRTkjkRDdqYowDOCYg,"65M8+2J7, SH47, Mairwa Dham, Mairwa, Siwan, Saran Division, BR, IN, 841239",841239
ChIJy_dQzVQ1kjkRimbkGTmPEAk,"Main Rd, Salempur, Deoria, Gorakhpur Division, UP, IN, 274509",274509
ChIJh1Sgfa7KkzkRL6271076JfY,"Salempur, Nayagaon, Deoria, Gorakhpur Division, UP, IN, 274509",274509
ChIJB3Lp6suTkzkRwB-xXHeZn5k,"QW9X+XJ, Parsauni Mukundaha, Kushinagar, Gorakhpur Division, UP, IN, 274402",274402
ChIJ-1cfZUDFkzkRCoG4AeF95CE,"Saket Nagar, Deoria, Deoria, Gorakhpur Division, UP, IN, 274001",274001
ChIJYeOm10WzkzkR0eaiQQ8EACU,"Railway Station Rd, Bhatpar Rani, Deoria, Gorakhpur Division, UP, IN, 274702",274702
ChIJNa2ss980kjkRAAAAML7o90Q,"Dev Nagar Dharmanpur, Salempur, Deoria, Gorakhpur Division, UP, IN, 274509",274509
ChIJIQi9axq7kjkR2mBXA4Yl6fc,"Railway Colony, Chapra, Saran, Saran Division, BR, IN, 841301",841301
ChIJ-xjxpRxr7TkRsQnOkbGMxhQ,"Goraul, Vaishali, Tirhut Division, BR, IN, 844118",844118
ChIJ9Y9MfegQ7TkRa6_Wbm7oCls,"Railway Station, Station Rd, Sutapatti, Pokhraira, Muzaffarpur, Muzaffarpur, Tirhut Division, BR, IN, 842001",842001
ChIJ7-YdQ5WQ7TkRPP5S9Sgu80M,"Samastipur, Railway Colony, Samastipur, Darbhanga Division, BR, IN, 848101",848101
ChIJMWMbQrQN8jkRuBNF-cDgH_4,"Barauni, Begusarai, Munger Division, BR, IN, 851118",851118
ChIJ90QPEci89jkR56l-SYrE_ow,"Pandey Muhalla, Dhanbad, Dhanbad, North Chotanagpur Division, JH, IN, 826001",826001
ChIJV1pi342S9jkRVlh7FwNNRw8,"Ruknibera, Purulia, Medinipur Division, WB, IN, 723145",723145
ChIJfWvAgpzx9jkR2cGjgybbUiE,"Adra, Purulia, Medinipur Division, WB, IN, 723121",723121
ChIJ-4_1zr_j9TkRQVRRQ4x8NdM,"Mango, Dangardih, Jamshedpur, Seraikela Kharsawan, Kolhan Division, JH, IN, 831012",831012
ChIJK0zctaXj9TkRB1jf2i2RQ8w,"2, Old Purulia Rd, Zakir Nagar, Mango, Jamshedpur, East Singhbhum, Kolhan Division, JH, IN, 832110",832110
ChIJ9RrrtNri9TkReKM1UlY2lZo,"27A, Tube Colony, Namda Basti, Jamshedpur, Kalimali, East Singhbhum, Kolhan Division, JH, IN, 831003",831003
ChIJBVPbT-IJ9jkRorivIV4NAsk,"Q7F6+H4G, Kharangajhar, Telco Colony, Jamshedpur, East Singhbhum, Kolhan Division, JH, IN, 831004",831004
ChIJf32NxQQI9jkRCkaGtl7yxak,"Q7H7+68R, K9, Prakash Nagar, Birsanagar, Jamshedpur, East Singhbhum, Kolhan Division, JH, IN, 831004",831004
ChIJicrWkAnj9TkRcqKgRlupJLA,"Subarnarekha Link Rd, Gandak Road Colony, Sakchi, Jamshedpur, East Singhbhum, Kolhan Division, JH, IN, 831001",831001
ChIJ28m3tqzj9TkRR9YkrO1SXqo,"B, 88A, SITLA MATA MANDIR CHOWK, Purulia Rd, SNP Area, Sakchi, Jamshedpur, East Singhbhum, Kolhan Division, JH, IN, 831001",831001
ChIJW6HA_w_j9TkRFUc15ipw4pA,"Infront Of Manokamana Mandir, Hirasingh Bagan, Sakchi, Jamshedpur, East Singhbhum, Kolhan Division, JH, IN, 831001",831001
ChIJ-yBDMADj9TkRLsFlEFsXi_E,"Jamshedpur, Golmuri, East Singhbhum, Kolhan Division, JH, IN, 831003",831003
ChIJT2IiKdvi9TkRZyLX6G1WAJM,"No-18, Type - II, Blocks - 2,3, Outer Cir Rd, New Rani Kudar, Namda Basti, Jamshedpur, East Singhbhum, Kolhan Division, JH, IN, 831005",831005
ChIJhT3w8mfj9TkRZIiQkOiDjHE,"Bistupur Main Rd, South Park, Bistupur, Jamshedpur, East Singhbhum, Kolhan Division, JH, IN, 831001",831001
ChIJ4WjKGArj9TkR21W9QhJZG4Y,"R56X+5Q6, Subarnarekha Link Rd, Jubilee Park, Sonari, Jamshedpur, East Singhbhum, Kolhan Division, JH, IN, 831001",831001
ChIJuRx_7gDj9TkR8m0-w9A5GGw,"Jamshedpur, Baradwari, East Singhbhum, Kolhan Division, JH, IN, 831001",831001
ChIJN2O_YlTj9TkRNraJybSn8YU,"Q7M2+PFR, Unnamed Road, Zone Number 4, Birsanagar, Jamshedpur, East Singhbhum, Kolhan Division, JH, IN, 831004",831004
ChIJAeXMK9vi9TkROkTz7lDV7Ls,"Q6JG+F7H, Kali Mandir, Namda Basti, Jamshedpur, East Singhbhum, Kolhan Division, JH, IN, 831003",831003
ChIJR0Xhljzj9TkRaw_1c2ZWKsM,"FF 3, Om Plaza, 96, Thakur Bari Rd, SNP Area, Ambagan, Sakchi, Jamshedpur, East Singhbhum, Kolhan Division, JH, IN, 831001",831001
ChIJjQ9J8erk9TkRH78P1lHoXD8,"Q5R3+23R, Tata Kandra Rd, Housing Colony, Adityapur, Jamshedpur, Seraikela Kharsawan, Kolhan Division, JH, IN, 832109",832109
ChIJNWMlQQMI9jkRT-_t1UPAd2Y,"Jamshedpur, Telco Colony, East Singhbhum, Kolhan Division, JH, IN, 831004",831004
ChIJ3ee04a7i9TkRK93F3pGOr08,"New, Sector Market, Telco Colony, Jamshedpur, East Singhbhum, Kolhan Division, JH, IN, 831004",831004
ChIJZVqXvw_j9TkR7repF2Gu5i4,"R624+P24, National Electronics, New Kalimati Rd, Hirasingh Bagan, Sakchi, Jamshedpur, East Singhbhum, Kolhan Division, JH, IN, 831001",831001
ChIJAzPLrtri9TkRWPdNKEyb9S4,"Jamshedpur, Namda Basti, East Singhbhum, Kolhan Division, JH, IN, 831003",831003
ChIJaz1zNBvj9TkRrDdmNnsojMc,"Gurudwara, Sakchi, New Kalimati Rd, Hirasingh Bagan, Kasidih, Jamshedpur, East Singhbhum, Kolhan Division, JH, IN, 831001",831001
ChIJP8Xp47Hi9TkRGK1rM9qQHtk,"K2 - 68, Rd Number 2, Telco Colony, Jamshedpur, East Singhbhum, Kolhan Division, JH, IN, 831004",831004
ChIJexVBLo7i9TkRdFmZKBLufFg,"R63V+49R, Jamshedpur, East Singhbhum, Kolhan Division, JH, IN, 831017",831017
ChIJ55lH8bPi9TkRkHw2bo-hArs,"no- 25A, K2-9, Road, Telco Colony, Jamshedpur, East Singhbhum, Kolhan Division, JH, IN, 831004",831004
ChIJ0yxhiebi9TkR3MAY8x-0y5o,"Ground Floor, Tuiladungri, Golmuri, Jamshedpur, East Singhbhum, Kolhan Division, JH, IN, 831003",831003
ChIJrYLu1_AH9jkRWHIFH2TMpyk,"Jamshedpur, Gobindpur Colony, Govindpur, East Singhbhum, Kolhan Division, JH, IN, 831015",831015
ChIJLV94TtTl9TkR-jPMG-GSOqc,"S Type, Housing Colony, Adityapur, Jamshedpur, Seraikela Kharsawan, Kolhan Division, JH, IN, 831013",831013
ChIJD5aABewJ9jkRTTviqIXXSPs,"Prakash Nagar, Ghorabandha, Jamshedpur, East Singhbhum, Kolhan Division, JH, IN, 831004",831004
ChIJtxpFAvcH9jkRzO-RcGRq6ig,"Q725+RP7, Gobindpur Colony, Govindpur, Jamshedpur, East Singhbhum, Kolhan Division, JH, IN, 831015",831015
ChIJHxQtAO7i9TkRdDZK2yCPMeM,"R62J+QR6, Sidhgora, Jamshedpur, East Singhbhum, Kolhan Division, JH, IN, 831009",831009
ChIJKfk2Cg_j9TkR5CxDClW0Av0,"Vikash Jewellers, Sakchi Market Rd, SNP Area, Sakchi, Jamshedpur, East Singhbhum, Kolhan Division, JH, IN, 831001",831001
ChIJDbk5hNsJ9jkR-hJzwLTrd7Y,"K-9 Quarters, Sadhudera, Birsanagar, Jamshedpur, East Singhbhum, Kolhan Division, JH, IN, 831004",831004
ChIJNeS3aGbj9TkR1piD4lOzMyo,"Bistupur Main Rd, Bistupur, Jamshedpur, East Singhbhum, Kolhan Division, JH, IN, 831001",831001
ChIJJ6Fsbw_j9TkRbNOzUw3h4mk,"102, Purulia Rd, SNP Area, Sakchi, Jamshedpur, East Singhbhum, Kolhan Division, JH, IN, 831001",831001
ChIJH9iJXfbl9TkRKSkejApvMdc,"HSJ COMPLEX, CHOWK, S Type, LIC Colony, Adityapur, Jamshedpur, Seraikela Kharsawan, Kolhan Division, JH, IN, 831013",831013
ChIJgSjCa1Pj9TkRj4vZqeAg_WA,"Jamshedpur, TRF Colony, Birsanagar, East Singhbhum, Kolhan Division, JH, IN, 831019",831019
ChIJqwlzwSLj9TkR7QJla4zKyIs,"Mango, Dimna, Jamshedpur, East Singhbhum, Kolhan Division, JH, IN, 831012",831012
ChIJ8VdVwbri9TkRvt3i6PbY6XU,"Q6JW+456, Birsa Nagar, Zone II, Telco Colony, Jamshedpur, East Singhbhum, Kolhan Division, JH, IN, 831019",831019
ChIJlXXx2-bi9TkRGrcEZrKf8Kc,"Jamshedpur, Kadma Market, Golmuri, East Singhbhum, Kolhan Division, JH, IN, 831003",831003
ChIJp6cymGrj9TkRXhC0pI8_ByA,"H.No 249, Zone Number 5, Birsanagar, Jamshedpur, East Singhbhum, Kolhan Division, JH, IN, 831019",831019
ChIJG9t-iyrj9TkRZxB-HD0ldHY,"Q6JG+V55, Unnamed Road, Namda Basti, Jamshedpur, East Singhbhum, Kolhan Division, JH, IN, 831003",831003
ChIJr2ur90ePHToRblq1o4XPEYs,"Chakuliya, East Singhbhum, Kolhan Division, JH, IN, 832301",832301
ChIJKXjZ3QOd-DkRTF0w7e-Ao_8,"Dakshineswar, Kolkata, North 24 Parganas, Presidency Division, WB, IN, 700076",700076
ChIJL9RXImud-DkRGRhaz4PE62U,"M938+J3R, May Dibas Pally, Dakshineswar, Kolkata, North 24 Parganas, Presidency Division, WB, IN, 700076",700076
ChIJ885KwTF_AjoR0BYUMu75BGA,"Pedestrian Overpass, Ramrajatala, Rajarbagan, Andul, Howrah, Howrah, Presidency Division, WB, IN, 711302",711302
ChIJS721nrDi9TkRNb7P6lZEpTY,"Tank, Indra Nagar, Telco Colony, Jamshedpur, East Singhbhum, Kolhan Division, JH, IN, 831004",831004
ChIJhYc9iFzj9TkRS-KPbDoSjAg,"R662+927, Jubilee Park, Sakchi, Jamshedpur, East Singhbhum, Kolhan Division, JH, IN, 831001",831001
ChIJMcUS2qvi9TkRyb1nuuZuFJs,"Q7C3+W82, Telco Colony, Jamshedpur, East Singhbhum, Kolhan Division, JH, IN, 831004",831004
ChIJ6XP8tBPj9TkRgVD9z1BFFQQ,"15, Straight Mile Rd, Ambagan, Sakchi, Jamshedpur, East Singhbhum, Kolhan Division, JH, IN, 831001",831001
ChIJX5wnqQXj9TkRPA9PSd8p2Hk,"522, Ram Lila Maidan, Straight Mile Rd, Hirasingh Bagan, Sakchi, Jamshedpur, East Singhbhum, Kolhan Division, JH, IN, 831001",831001
ChIJR4KL9-Ti9TkRCsZzRCk5qWI,"Agrico Maidan, Agrico Colony, Agrico Area, Jamshedpur, East Singhbhum, Kolhan Division, JH, IN, 831009",831009
ChIJvQJ09Nvj9TkRc5JB0IinDXs,"R633+J4M, SNP Area, Ambagan, Sakchi, Jamshedpur, East Singhbhum, Kolhan Division, JH, IN, 831001",831001
ChIJF4cgmXvj9TkR8c8xUt0YQi4,"R53J+PJ7, TMH - Tata Main Hospital, Straight Mile Rd, Dhatkidih, Jamshedpur, East Singhbhum, Kolhan Division, JH, IN, 831001",831001
ChIJNdLm0Qbj9TkRswhk9Nl9QIA,"Govt. Hospital, New Bardwari, Sakchi, Jamshedpur, East Singhbhum, Kolhan Division, JH, IN, 831001",831001
ChIJX0WlswPj9TkRT3ip-K1wSzg,"R647+54M, Baradwari, Jamshedpur, East Singhbhum, Kolhan Division, JH, IN, 831001",831001
ChIJs0fEhZ_j9TkRmz4H1D99G6o,"R57W+96F, XLRI, Marine Dr Rd, Jubilee Park, Sakchi, Jamshedpur, East Singhbhum, Kolhan Division, JH, IN, 831001",831001
ChIJ4Ztg40Dj9TkRDqpBRdKbfzU,"R678+HC4, Gautam Vihar, Jamshedpur, East Singhbhum, Kolhan Division, JH, IN, 831001",831001
ChIJgQ3GOdvi9TkR4wgwrMnfrE4,"Q6JG+V4W, Namda Basti, Jamshedpur, East Singhbhum, Kolhan Division, JH, IN, 831003",831003
ChIJmd34RObi9TkRZBH3UG_VvKg,"Jamshedpur, Golmuri, East Singhbhum, Kolhan Division, JH, IN, 831003",831003
ChIJcXElw7Di9TkRmB99KlU5wxc,"C-2/55, Indra Nagar, Telco Colony, Jamshedpur, East Singhbhum, Kolhan Division, JH, IN, 831004",831004
ChIJu5E_4K7i9TkR4Ob8F19XD4o,"Q6GX+4XR, Rd Number 8, Telco Colony, Jamshedpur, East Singhbhum, Kolhan Division, JH, IN, 831004",831004
ChIJ1XYMyJXi9TkRh_VT91ptz7o,"Ground Floor, Baridih Basti, Baridih, Jamshedpur, East Singhbhum, Kolhan Division, JH, IN, 831017",831017
ChIJH7l7ZA0I9jkROlcIDu8UDEo,"Q7HG+F8C, Prakash Nagar, Ghorabandha, Manpita, East Singhbhum, Kolhan Division, JH, IN, 831004",831004
ChIJGcQgpgQI9jkRU9HV5K6IvWU,"Barbecue, Prakash Nagar, Ghorabandha, Jamshedpur, East Singhbhum, Kolhan Division, JH, IN, 831004",831004
ChIJj_z7rK_i9TkRA_1A9YkpgAg,"Q6GX+79V, Telco Colony, Jamshedpur, East Singhbhum, Kolhan Division, JH, IN, 831004",831004
ChIJyxcFk47j9TkRYB53MLgj3Xg,"NEAR, HOWRAH BRIDGE, Kasidih, Jamshedpur, East Singhbhum, Kolhan Division, JH, IN, 831001",831001
ChIJy11jnhzj9TkRQFl5275-Fag,"Second Floor, 77a, Purulia Rd, SNP Area, Sakchi, Jamshedpur, East Singhbhum, Kolhan Division, JH, IN, 831001",831001
ChIJBaWM9gEI9jkRVMmGuX6AJec,"831004, Telco Colony, Jamshedpur, East Singhbhum, Kolhan Division, JH, IN",831004
ChIJF2cTPKri9TkRbHzaCiMQojg,"Azad Market, Manifit, Telco Colony, Jamshedpur, East Singhbhum, Kolhan Division, JH, IN, 831004",831004
ChIJKYt_PxQJ9jkRTtR9OUPlSf0,"telco New sai colony, Rock Garden apartment, Prakash Nagar, garudbasa, Jamshedpur, East Singhbhum, Kolhan Division, JH, IN, 831004",831004
ChIJD2RU-Ofi9TkRbqfnwKx0uQ4,"Chowk, Golmuri Rd, Tin Plate Basti, Jamshedpur, East Singhbhum, Kolhan Division, JH, IN, 831003",831003
ChIJJ7eoRBZxczkRk1lKHCPKWQw,"Museum Rd, Dampier Nagar, Mathura, Mathura, Agra Division, UP, IN, 281001",281001
ChIJF1qwfLBsczkRoag2yrXfMhM,"JHHF+V3H, Mathura, Agra Division, UP, IN, 281406",281406
ChIJEy9q2mH99TkRT6n5bn_pVL4,"P7Q4+MCW, Khankripara, Chhota Gobindpur, East Singhbhum, Kolhan Division, JH, IN, 831016",831016
ChIJAQAAN-sNczkRdKKtxxLYXds,"GFGR+3XX, Radha Kund, Mathura, Agra Division, UP, IN, 281504",281504
ChIJ6zs0kdRwdDkRdpUClMxcCmQ,"Rakabganj, Agra Fort, Agra, Agra, Agra Division, UP, IN, 282003",282003
ChIJj4AJRGbj9TkRhvsAm-wXRbI,"Q5VM+7GX, camani center, Bistupur, Jamshedpur, East Singhbhum, Kolhan Division, JH, IN, 831005",831005
ChIJoVxw-AXj9TkRtnTSD2OctgM,"R644+P82, SNP Area, Sakchi, Jamshedpur, East Singhbhum, Kolhan Division, JH, IN, 831001",831001
ChIJX0zozwQI9jkRz25COkKjphY,"Sadhudera, Birsanagar, Jamshedpur, East Singhbhum, Kolhan Division, JH, IN, 831019",831019
ChIJ7Vg3Cxjj9TkRY0urytCzxpw,"Bistupur, Jamshedpur, East Singhbhum, Kolhan Division, JH, IN, 831001",831001
ChIJLyKK_q_i9TkRoqPFepv7fxw,"Q6HW+7H4, Rd Number 5, Telco Colony, Jamshedpur, East Singhbhum, Kolhan Division, JH, IN, 831004",831004
ChIJFbqofD_j9TkRxFbja7Tp1r4,"K2, 46, Cross Rd No. 16, Telco Colony, Jamshedpur, East Singhbhum, Kolhan Division, JH, IN, 831004",831004
ChIJz_6NsQgI9jkRzvf8xKOOq9U,"39b, Ghorabandha Rd, Luabasa, Ghorabandha, Jamshedpur, East Singhbhum, Kolhan Division, JH, IN, 831004",831004
ChIJ1ZqQQgEI9jkRwGdm-t90nY0,"Ranchi, Kharangajhar, Bari Nagar, East Singhbhum, Kolhan Division, JH, IN, 831004",831004
ChIJ2TtlvQ_j9TkRsrVP2RYExS4,"Call-7792927016, Sakchi, Jamshedpur, East Singhbhum, Kolhan Division, JH, IN, 831001",831001
ChIJrYtcgbwJ9jkRB8-BPMyTkI4,"Q7F9+2XH, Main Rd, Luabasa, Telco, Jamshedpur, East Singhbhum, Kolhan Division, JH, IN, 831004",831004
ChIJ60TDUQ8I9jkRgnW18K2Jsc0,"Durga Puja Maidan, Luabasa, Telco, Jamshedpur, East Singhbhum, Kolhan Division, JH, IN, 831004",831004
ChIJQ_kRzqD08jkRIx0tTDixxEY,"Shop No D, Gurudwara, New Market, Telco, Telco Colony, Jamshedpur, East Singhbhum, Kolhan Division, JH, IN, 831004",831004
ChIJCwWJ_QPj9TkR-P6N15XXchg,"Apex Hospital, New Bardwari, Baradwari, Jamshedpur, East Singhbhum, Kolhan Division, JH, IN, 831001",831001
ChIJQx-ui-vn9TkRKXT6u_LnsvY,"Dobo, Seraikela Kharsawan, Kolhan Division, JH, IN, 831018",831018
ChIJ_3GpDwsI9jkRA3Zju2HPtac,"Ghorabandha Rd, Ghorabandha, Jamshedpur, East Singhbhum, Kolhan Division, JH, IN, 831004",831004
ChIJpzy1edL89TkR7HwH2rCde44,"Jamshedpur, Golpahari, Parsudih, East Singhbhum, Kolhan Division, JH, IN, 831002",831002
ChIJRY1FMkbj9TkRcSwm94B9bAA,"Q6MP+7HV, Subabsari Road, Birsanagar, Jamshedpur, East Singhbhum, Kolhan Division, JH, IN, 831003",831003
ChIJZdymRAMI9jkRT-6OEyEGnCk,"Q7H6+4CF, Prakash Nagar, Telco Colony, Jamshedpur, East Singhbhum, Kolhan Division, JH, IN, 831004",831004
ChIJXbBMV67i9TkRxtUYtctOmMk,"Rd Number 11, Telco Colony, Jamshedpur, East Singhbhum, Kolhan Division, JH, IN, 831004",831004
ChIJvYy8aqni9TkRrwO_xJSbteY,"Q7F2+WXM, Telco Colony, Jamshedpur, East Singhbhum, Kolhan Division, JH, IN, 831004",831004
ChIJxb9SEgnj9TkRjpLhEreBZOg,"Main Rd, SNP Area, Ambagan, Sakchi, Jamshedpur, East Singhbhum, Kolhan Division, JH, IN, 831001",831001
ChIJ1dMAICji9TkR9__vjVJsg6k,"Q58P+FCC, Naya Bazar, Jugsalai, Jamshedpur, East Singhbhum, Kolhan Division, JH, IN, 831006",831006
ChIJ0YPRgLL89TkRmmYOA-ShmgY,"Q56P+W88, Bagbera Colony, Jugsalai, Jamshedpur, East Singhbhum, Kolhan Division, JH, IN, 831002",831002
ChIJHQQWdwEI9jkRu3E8F5FXV3I,"Alankar Bhawan, Kharangajhar Market, Gramin Bank Road, Kharangajhar, Telco Colony, Jamshedpur, East Singhbhum, Kolhan Division, JH, IN, 831004",831004
ChIJmwTECQMI9jkRC8CCSuhGPDE,"Q7G5+9X6, Plaza Market, Kharangajhar, Ghorabandha, Jamshedpur, East Singhbhum, Kolhan Division, JH, IN, 831004",831004
ChIJeej8DKEJ9jkRdh2eF6EYdTU,"Pkn Puja Pandal, Telco Colony, Jamshedpur, East Singhbhum, Kolhan Division, JH, IN, 831004",831004
ChIJdTf0-M_i9TkRpOovT8v8PMI,"Q6HG+5HH, Gayatri Nagar, Namda Basti, Jamshedpur, East Singhbhum, Kolhan Division, JH, IN, 831004",831004
ChIJixf7WA_j9TkRc174o_ey3kU,"R644+G7C, SNP Area, Sakchi, Jamshedpur, East Singhbhum, Kolhan Division, JH, IN, 831001",831001
ChIJjfCDlA_j9TkRkRasEMAymhg,"Sakchi Market Rd, Hirasingh Bagan, Sakchi, Jamshedpur, East Singhbhum, Kolhan Division, JH, IN, 831001",831001
ChIJ36Xn_6Pi9TkRhbb8QqzgyQU,"Maya Complex, Sunday Market, Birsanagar Zone No.2, Birsanagar, Jamshedpur, East Singhbhum, Kolhan Division, JH, IN, 831019",831019
ChIJrRuyRwsI9jkR4LsI7d5th_w,"SAHARA Dream Nest, Ghorabandha Rd, Ghorabandha, Jamshedpur, East Singhbhum, Kolhan Division, JH, IN, 831004",831004
ChIJVVVV6VX99TkRkDBUpoGGUA4,"Hudco Lake, Hudco, Gobindpur Colony, Telco Colony, Jamshedpur, East Singhbhum, Kolhan Division, JH, IN, 831004",831004
ChIJfbPlWa7i9TkRf5YfeLmyXTk,"Q6FX+WCH, Telco Colony, Jamshedpur, East Singhbhum, Kolhan Division, JH, IN, 831004",831004
ChIJl_kOK1E1kjkRkmSZ9E6pFc4,"Unnamed Road, Majhwalia, Deoria, Gorakhpur Division, UP, IN, 274509",274509
ChIJD1EAfmwq8zkR8_TdhvPqNGU,"823002, Station Rd, Gol Bagicha, Gaya, Gaya, Magadh Division, BR, IN, 823001",823001
ChIJwdrV4wXj9TkRBngcDeijGfE,"R644+VJ5, Rajendra Nagar Cir, Rajendra Nagar, Baradwari, Jamshedpur, East Singhbhum, Kolhan Division, JH, IN, 831001",831001
ChIJ-w51Mw8I9jkRiC-ApH-amg0,"Jamshedpur, Luabasa, Ghorabandha, East Singhbhum, Kolhan Division, JH, IN, 831004",831004
ChIJD6WQcA_j9TkR3AxJFIAwnmQ,"15, SNP Area, Ambagan, Sakchi, Jamshedpur, East Singhbhum, Kolhan Division, JH, IN, 831001",831001
ChIJRcvQJGkJ9jkRraKyWB9Xjek,"New Shukla Sweets, Sadhudera, Birsanagar, Jamshedpur, East Singhbhum, Kolhan Division, JH, IN, 822110",822110
ChIJL171a6zj9TkRYCoWYUaEAlk,"IN, Mango, Jamshedpur, East Singhbhum, Kolhan Division, JH, 831001",831001
ChIJ5UUxuwQI9jkRYuopy50-Svo,"Q7H6+5V5, Plaza dispensery, Prakash Nagar, Telco Colony, Jamshedpur, East Singhbhum, Kolhan Division, JH, IN, 831004",831004
ChIJ4U9regEI9jkR7d7zdcp_1Jk,"Shop No-3, Ground Floor, Singh Building, Hanuman Mandir Road, Kharangajhar, Telco Colony, Jamshedpur, East Singhbhum, Kolhan Division, JH, IN, 831004",831004
ChIJ7V4oSg_j9TkROwS7tfY2bFs,"Aambagan Rd, SNP Area, Sakchi, Jamshedpur, East Singhbhum, Kolhan Division, JH, IN, 831001",831001
ChIJmRJ-rwjj9TkRyPZBTIcR8FE,"99, Ambagan, Thakur Bari Rd, SNP Area, Ambagan, Sakchi, Jamshedpur, East Singhbhum, Kolhan Division, JH, IN, 831001",831001
ChIJTXnjUQbj9TkRr7H_kjH4gw8,"Ground Floor, Jams, SNP Area, Ambagan, Sakchi, Jamshedpur, East Singhbhum, Kolhan Division, JH, IN, 831001",831001
ChIJAWGBXAMI9jkRWzwrzPqvluc,"Q7H6+4C8, Prakash Nagar, Birsanagar, Jamshedpur, East Singhbhum, Kolhan Division, JH, IN, 831004",831004
ChIJg_bIl8Li9TkRyoXndnEyvEw,"Q6QG+MXC, Kadani Rd, Medical Corridor, Tin Plate Basti, Jamshedpur, East Singhbhum, Kolhan Division, JH, IN, 831003",831003
ChIJXYPy9-5odDkRNOe30KR-sWo,"Tundla, Firozabad, Agra Division, UP, IN, 64165",64165
ChIJZ90anUCQdDkRV0atjIgR4Rc,"Devinagar, Hathras, Aligarh Division, UP, IN, 204102",204102
ChIJ1XnUY9LxDDkR-Hxcc4Zexh4,"Bhur Bharat Nagar, Railway Colony, Madhopura, Ghaziabad, Ghaziabad, Meerut Division, UP, IN, 201009",201009
ChIJGc7bKOBL9DkRLeOnpcz9qcQ,"B- Type, Chota, Muri, Ranchi, South Chotanagpur Division, JH, IN, 835101",835101
ChIJCfFup3RL9DkRQ9nBSo2g0aA,"Factory More, Jharkhand State Highway 1, Muri, Ranchi, South Chotanagpur Division, JH, IN, 835101",835101
ChIJ2Zqh3GwI9jkRciyFddolL2Y,"Telco Colony, Prakash Nagar, Jamshedpur, East Singhbhum, Kolhan Division, JH, IN, 831004",831004
ChIJE2h3Mtvi9TkRxR4l-ysgfsQ,"Q6JG+P8P, Namda Basti, Jamshedpur, East Singhbhum, Kolhan Division, JH, IN, 831003",831003
ChIJTaZFYlD99TkRMLU6e2gSaZI,"Tata Motors, Telco Colony, Jamshedpur, East Singhbhum, Kolhan Division, JH, IN, 831010",831010
ChIJOcdrJMTj9TkRHXu6vCuE9MQ,"Tata Nagar, Khasmahal, Jugsalai, Bagbera colony, East Singhbhum, Kolhan Division, JH, IN, 831002",831002
ChIJ1b-oXh7kIDoRQGf4EjJKFns,"shortcut from bus stand to railway station,jharsuguda, Purani Basti, Jharsuguda, Jharsuguda, Northern Division, OR, IN, 768201",768201
ChIJXyne6v12czkRYujHWpwOY0k,"Chhata Rural, Mathura, Agra Division, UP, IN, 281002",281002
ChIJe-0NWQ7j9TkRx_gitHNYbB8,"Kalimati-Golmuri Gol-Chakkar, Main, New Kalimati Rd, Ambagan, Sakchi, Jamshedpur, East Singhbhum, Kolhan Division, JH, IN, 831001",831001
ChIJYxInQQMI9jkRJ3Qj4u-W60o,"Bhuvaneshwari Temple, Telco Colony, Jamshedpur, East Singhbhum, Kolhan Division, JH, IN, 831019",831019
ChIJVVVVlQ7j9TkRl8bzPhEtRos,"R52X+8P4, Sakchi Thana, Ambagan, Sakchi, Jamshedpur, East Singhbhum, Kolhan Division, JH, IN, 831001",831001
ChIJdYRroHrj9TkRpIivgxoyChc,"R52P+P3V, C Rd E, Bistupur, Jamshedpur, East Singhbhum, Kolhan Division, JH, IN, 831001",831001
ChIJx5YNUJji9TkRbPFavD6U8dc,"TRF Colony, Birsanagar, Jamshedpur, East Singhbhum, Kolhan Division, JH, IN, 831019",831019
ChIJJ_cN0LDi9TkRcay9AaFiNBY,"C-2/146, Indra Nagar, Telco Colony, Jamshedpur, East Singhbhum, Kolhan Division, JH, IN, 831004",831004
ChIJ4dYP0bji9TkRb0XNi-pTHD0,"Q6MQ+F8J, Birsanagar, Jamshedpur, East Singhbhum, Kolhan Division, JH, IN, 831003",831003
ChIJQR-Jz5Di9TkRDJLq-g33a28,"Brahmani Rd, Bagun Nagar, Jamshedpur, East Singhbhum, Kolhan Division, JH, IN, 831017",831017
ChIJtUI46Mfi9TkRbpL_-AZYYZY,"c6, Dalma Rd, Indra Nagar, Nildih, Jamshedpur, East Singhbhum, Kolhan Division, JH, IN, 831003",831003
ChIJXYAxrsLi9TkRozZom0NUudY,"Q6RG+3X5, Medical Corridor, Tin Plate Basti, Jamshedpur, East Singhbhum, Kolhan Division, JH, IN, 831003",831003
ChIJnw2CFCHj9TkRUaT3Pt0QrbI,"113, SNP Area, Ambagan, Sakchi, Jamshedpur, East Singhbhum, Kolhan Division, JH, IN, 831001",831001
ChIJY0ByJs_i9TkRZIaymUzkyKs,"Q6GJ+656, Gayatri Nagar, Namda Basti, Jamshedpur, East Singhbhum, Kolhan Division, JH, IN, 831004",831004
ChIJf0NDw7Di9TkRHoP7KCfNLDY,"C-2/54, Indra Nagar, Telco Colony, Jamshedpur, East Singhbhum, Kolhan Division, JH, IN, 831004",831004
ChIJX3kg7Avj9TkR0ss-Hcj9Ik4,"Subarnarekha Link Rd, Jubilee Park, Sakchi, Jamshedpur, East Singhbhum, Kolhan Division, JH, IN, 831001",831001
ChIJ0zdr5QEI9jkRDctO5gyPA1E,"N-1, Telco Colony, Jamshedpur, East Singhbhum, Kolhan Division, JH, IN, 831004",831004
ChIJ7-P_277k9TkRHsA8GY9--ag,"Adityapur, Dindli Basti, Jamshedpur, Seraikela Kharsawan, Kolhan Division, JH, IN, 831013",831013
ChIJqaxQ5L3k9TkRpA-8R-Ead74,"Q5P6+X4H, Dindly Basti, Adityapur, Jamshedpur, Seraikela Kharsawan, Kolhan Division, JH, IN, 831013",831013
ChIJC5UNLw_j9TkRY5tHC9GQryM,"Taj Building, 30, Aambagan Masjid - Mohammadi, SNP Area, Ambagan, Sakchi, Jamshedpur, East Singhbhum, Kolhan Division, JH, IN, 831001",831001
ChIJ_3WH_A_j9TkRR2db81PBH5M,"10, New Kalimati Rd, Sakchi, Jamshedpur, East Singhbhum, Kolhan Division, JH, IN, 831001",831001
ChIJUxR5xbDi9TkRieNN8Ku-GJk,"C-2/51, Indra Nagar, Telco Colony, Jamshedpur, East Singhbhum, Kolhan Division, JH, IN, 831004",831004
ChIJ5YGj1ezi9TkRZLBMWCCI3yE,"Q6XP+GCF, Sidhgora, Jamshedpur, East Singhbhum, Kolhan Division, JH, IN, 831017",831017
ChIJsX7jUQbj9TkRO2Zm3VN-Vw8,"R666+M3M, Purulia Rd, Gandhi Ghat, Sakchi, Jamshedpur, East Singhbhum, Kolhan Division, JH, IN, 831001",831001
ChIJRw2oAB3j9TkRyphmKQGmgdM,"R654+775, Water Works Rd, SNP Area, Rajendra Nagar, Sakchi, Jamshedpur, East Singhbhum, Kolhan Division, JH, IN, 831001",831001
ChIJx_LD7A_j9TkR3Lyz31K7xAM,"H.No, 37, Sakchi Market Rd, Sakchi, Jamshedpur, East Singhbhum, Kolhan Division, JH, IN, 831001",831001
ChIJrbc_oQMI9jkRef2_5-XhfT8,"Jamshedpur, Prakash Nagar, Ghorabandha, East Singhbhum, Kolhan Division, JH, IN, 831004",831004
ChIJEbDqfZfi9TkR61NbL8DXk-g,"Birsanagar, TRF Colony, Jamshedpur, East Singhbhum, Kolhan Division, JH, IN, 831017",831017
ChIJ68xQptin9TkRNODvRAFDKDg,"2MXG+RQ, Tata Rd, Diuri, Ranchi, South Chotanagpur Division, JH, IN, 835225",835225
ChIJ7f_l8zMe9TkRdRqffhL9eN8,"IN, Sri Ram Nagar, Patel Nagar, Hesag, Ranchi, Ranchi, South Chotanagpur Division, JH, 834003",834003
ChIJo0MbSA4g9TkRrPF0aI1Hplg,"8725+6F8, JP Nagar, Dhurwa, Ranchi, Ranchi, South Chotanagpur Division, JH, IN, 834004",834004
ChIJ223SoGjj9TkRzTaF0c1MSHM,"Shop No. 8A, 9-10A, Bistupur Market, Bistupur, Jamshedpur, East Singhbhum, Kolhan Division, JH, IN, 831001",831001
ChIJ5XXL5g_j9TkRB7i33Vn8FIg,"Basant Cinema, Sakchi Market Rd, Sakchi, Jamshedpur, East Singhbhum, Kolhan Division, JH, IN, 831001",831001
ChIJAWZtk7Pj9TkRN_KeDyD8Fjc,"East Singhbhum, Sakchi, Jamshedpur, Kolhan Division, JH, IN, 831001",831001
ChIJH-ZJMhcI9jkR11-0NxoXLlo,"Q7P9+493, Unnamed Road, TRF Colony, Baridih, Jamshedpur, East Singhbhum, Kolhan Division, JH, IN, 831004",831004
ChIJjxKoehAI9jkRz-5Nl6G5qMM,"Hurlung Rd, River View, Sadhudera, Birsanagar, Jamshedpur, East Singhbhum, Kolhan Division, JH, IN, 831019",831019
ChIJQ-inVLXj9TkRl1GTXxN-bK8,"Q6JQ+Q2P, Kharkai Road, Nildih, Jamshedpur, East Singhbhum, Kolhan Division, JH, IN, 831003",831003
ChIJCaejHR4I9jkR9yXaU61d6-g,"Gudiya Maidan, Road-1, Zone-2A, Birsanagar, Jamshedpur, East Singhbhum, Kolhan Division, JH, IN, 831019",831019
ChIJPf00nCTj9TkRVNyEyV6RDiQ,"30, AMBAGAN AREA, SNP Area, Ambagan, Sakchi, Jamshedpur, East Singhbhum, Kolhan Division, JH, IN, 831001",831001
ChIJ____o8_i9TkRgLye4OKYWus,"Tube Maker Club, Gayatri Nagar, Namda Basti, Jamshedpur, East Singhbhum, Kolhan Division, JH, IN, 831004",831004
ChIJf4DBBGHj9TkRN7fMHrxiXC0,"Shop No - 8, Hotel Line 2, Jhanda Chowk, Sakchi, Jamshedpur, East Singhbhum, Kolhan Division, JH, IN, 831001",831001
ChIJAVSQSubi9TkR3lShA39GWt4,"F-38, Golmuri Rd, New Line, Punjabi Refugee Colony, Golmuri, Jamshedpur, East Singhbhum, Kolhan Division, JH, IN, 831003",831003
ChIJhwAzRNzi9TkRJcuomNu3_5Y,"ABM COLLEGE, Cable Town, Golmuri, Jamshedpur, East Singhbhum, Kolhan Division, JH, IN, 831003",831003
ChIJDeg9trXi9TkRWtu_Ov4kBMU,"Shop No 23, Engine Park, Azad Market, Market, Indra Nagar, Telco Colony, Jamshedpur, East Singhbhum, Kolhan Division, JH, IN, 831004",831004
ChIJu3dM6ubi9TkRSDlbhxELnKY,"Jamshedpur, Golmuri, East Singhbhum, Kolhan Division, JH, IN, 831003",831003
ChIJjWf7l8f89TkRp1z-wEPrR44,"Q52W+J97, Central Jail, Jamshedpur - Chaibasa Rd, Pramatham Nagar, Karandih, Jugsalai, Jamshedpur, East Singhbhum, Kolhan Division, JH, IN, 831002",831002
ChIJEe8uZdL99TkR_13PY8vnDVk,"P6J7+2R3, Garadi, East Singhbhum, Kolhan Division, JH, IN, 832107",832107
ChIJFXItGnr69DkRgMW93xJ2sEQ,"GF2Q+G6W, bp petrol pump, NH33, Ormanjhi, Ranchi, South Chotanagpur Division, JH, IN, 835103",835103
ChIJp1ozyHhY7TkRJs6y8GO3W0c,"East Ram Krishna Nagar, Ramkrishan Nagar, Patna, Patna, Patna Division, BR, IN, 800020",800020
ChIJ86aXgmhY7TkRS__VL8hYJXs,"New Market Station Rd, Budh Vihar, Fraser Road Area, Patna, Patna, Patna Division, BR, IN, 800001",800001
ChIJ4QuGtiUGmjkRWsOrjKE_0iA,"railway station between Ayodhya and, Narendra Dev Nagar, Faizabad, Ayodhya, Ayodhya Division, UP, IN, 224001",224001
ChIJB3EedT1xczkRr5aCE6PAbtE,"Railway station,Chaavni, Mathura Cantonment, Mathura, Mathura, Agra Division, UP, IN, 281001",281001
ChIJ22pepD9xczkRXdb_suHDsyU,"FMQH+Q9X, State Bank of India, Station Rd, Mayur Vihar, Mathura, Mathura, Agra Division, UP, IN, 281001",281001
ChIJAwBZzxs7czkRVNYRBXEK63M,"Kosi Kalan, Mathura, Agra Division, UP, IN, 281403",281403
ChIJLX3AzJ79DDkRO46OG-dEsG0,"Hanuman Road Area, CP, New Delhi, New Delhi, Delhi Division, DL, IN, 110001",110001
ChIJDylmoDX9DDkR8BrQnLHI1r4,"Jantar Mantar Road, Janpath, CP, New Delhi, New Delhi, Delhi Division, DL, IN, 110001",110001
ChIJpTvTjt46czkRrJkFDMguxMc,"V97X+877, Palwal, Palwal, Faridabad Division, HR, IN, 281403",281403
ChIJe19VQmQ7czkRfUUc25z1D0E,"Sales Tax Office, NH2 Kotwan Border, Kosi Kalan, Mathura, Agra Division, UP, IN, 281403",281403
ChIJKdlXyibnDDkRAXw7M5OMDfQ,"F8Q3+VCF, Mohan Cooperative Industrial Estate, Badarpur, New Delhi, South East Delhi, Delhi Division, DL, IN, 121003",121003
ChIJ74XAbuL8DDkR-wJQ-vQyHkQ,"Netaji Subhash Marg, Lal Qila, Chandni Chowk, New Delhi, North Delhi, Delhi Division, DL, IN, 110006",110006
ChIJHwkAoxj9DDkRv4wIOx37gzo,"1129, Matia Mahal Rd, Bazar Matia Mahal, Manohar Market, Jama Masjid, Chandni Chowk, New Delhi, Central Delhi, Delhi Division, DL, IN, 110006",110006
ChIJ37v1naJ08zkRxUDgQtrZ4fA,"Jhumri Telaiya, Koderma, North Chotanagpur Division, JH, IN, 825409",825409
ChIJDQ8VneQJ9jkR5ht41DZXhXA,"Bajwa tent house, Kharangajhar, Telco Colony, Jamshedpur, East Singhbhum, Kolhan Division, JH, IN, 831004",831004
ChIJh6T5q5Pj9TkRnBzeNBHxTUg,"Jamshedpur, Ambagan, Sakchi, East Singhbhum, Kolhan Division, JH, IN, 832110",832110
ChIJ-zBYbCnl9TkRhXBmjJqhQXw,"Q5Q5+7JJ, Adityapur - Kandra Hwy, Dindly Basti, Adityapur, Jamshedpur, Seraikela Kharsawan, Kolhan Division, JH, IN, 831013",831013
ChIJc0auMAzj9TkRcSNo8TOU8hQ,"G-4, 138, Straight Mile Rd, Ambagan, Sakchi, Jamshedpur, East Singhbhum, Kolhan Division, JH, IN, 831001",831001
ChIJLSss5409JzoRa_6SIL_DLno,"Bhupdeopur, Raigarh, Bilaspur Division, CG, IN, 496005",496005
ChIJi8rjLfvqhzkRTzwdAMHP45c,"Bilaspur, Gaurella, Bilaspur, Bilaspur Division, CG, IN, 495117",495117
ChIJKe70zICyhzkRi560RtQoe-I,"Chetna Nagar, Anuppur, Anuppur, Shahdol Division, MP, IN, 484224",484224
ChIJ84uXxLDi9TkRSeh1vxS_RlU,"C-2/53, Indra Nagar, Telco Colony, Jamshedpur, East Singhbhum, Kolhan Division, JH, IN, 831004",831004
ChIJKSeqxrFJkjkRR8H8Q34duKg,"Ajana - Pindi Rd, Pindi, Deoria, Gorakhpur Division, UP, IN, 274508",274508
ChIJ83h1tKM1kjkRhDcCUioVfUs,"6WQ5+736, Barahaj Salempur Rd, Samhuti, Deoria, Gorakhpur Division, UP, IN, 274505",274505
ChIJa7eOebHKkzkRppw3oOr_40o,"7WX8+7XJ, Deoria Salempur Rd, Salempur, Deoria, Gorakhpur Division, UP, IN, 274509",274509
ChIJoVU45rFJkjkRotCV4Vr7iqU,"5X57+C8C, Pindi - Khemadei Rd, Pindi, Deoria, Gorakhpur Division, UP, IN, 274507",274507
ChIJY-hTkws1kjkR5t_hsGkxQJ0,"7W76+C2G, Sohnag Road, on, Salempur, Deoria, Gorakhpur Division, UP, IN, 274509",274509
ChIJEcrjUhU1kjkRZZMnH0OAIhI,"near, Sohnag, Deoria, Gorakhpur Division, UP, IN, 274509",274509
ChIJJZjtHFhLkjkRpRlKiJhDZrA,"Salempur - Mairwa Rd, Fulwaria, Deoria, Gorakhpur Division, UP, IN, 274702",274702
ChIJ_xGtFgdVkjkRhXvae69wsTM,"76R3+R4C, Mairwa - Kuchaikot Rd, Tirmanpur, Siwan, Saran Division, BR, IN, 841243",841243
ChIJwZhg37hTkjkRqIQJiagpjoY,"Ground Floor, Citi Mega Mart, Majhauli Rd, Prangarhi, Mairwa, Siwan, Siwan, Saran Division, BR, IN, 841239",841239
ChIJXUGNwb9TkjkRh1_VEsauz0s,"Mairwa Dham, Siwan, Saran Division, BR, IN, 841239",841239
ChIJz1WP2MbKkzkR6UreuMQeLNI,"Deoria Salempur Rd, Mahadha Bagh, Salempur, Deoria, Gorakhpur Division, UP, IN, 274509",274509
ChIJoTUNnQEI9jkRA-LgVcBHYHA,"Q7C5+QJM, à¤Ÿà¥‡à¤²à¥à¤•à¥‹ à¤¬à¤¸ à¤¸à¥à¤Ÿà¥ˆà¤‚à¤¡, à¤–à¤¾à¤°à¤‚à¤—à¤¾à¤à¤¾à¤°, à¤Ÿà¥‡à¤²à¥à¤•à¥‹ à¤•à¥‰à¤²à¥‹à¤¨à¥€, à¤œà¤®à¤¶à¥‡à¤¦à¤ªà¥à¤°, à¤ªà¥‚à¤°à¥à¤µà¥€ à¤¸à¤¿à¤‚à¤¹à¤­à¥‚à¤®, à¤•à¥‹à¤²à¥à¤¹à¤¾à¤¨ à¤¡à¤¿à¤µà¥€à¤œà¤¨, JH, IN, 831004",831004
ChIJq6qqqnoI9jkR7nyTrkMLIpU,"GURUDWARA, TELCO, G Rd, Indra Nagar, Telco Colony, Jamshedpur, East Singhbhum, Kolhan Division, JH, IN, 831004",831004
ChIJs5vh4Vj99TkR3DWGFEheKqs,"Q723+8FH, Gobindpur Colony, Govindpur, Jamshedpur, East Singhbhum, Kolhan Division, JH, IN, 831015",831015
ChIJ2ejGGtfi9TkR3tmZxrpMmKs,"Tube company, à¤¬à¤°à¥à¤®à¤¾ à¤®à¤¾à¤‡à¤‚à¤¸, à¤œà¤®à¤¶à¥‡à¤¦à¤ªà¥à¤°, à¤ªà¥‚à¤°à¥à¤µà¥€ à¤¸à¤¿à¤‚à¤¹à¤­à¥‚à¤®, à¤•à¥‹à¤²à¥à¤¹à¤¾à¤¨ à¤¡à¤¿à¤µà¥€à¤œà¤¨, JH, IN, 831003",831003
ChIJFxsVRAnj9TkR6YnCslmbMr4,"Delhi Darbar, SNP Area, Ambagan, Sakchi, Jamshedpur, East Singhbhum, Kolhan Division, JH, IN, 831001",831001
ChIJMQvcEJfi9TkRwB6hYuPv2hc,"PURANI LINE 51, Tube Colony, BARIIDH BAZAR, Jamshedpur, East Singhbhum, Kolhan Division, JH, IN, 831017",831017
ChIJLXcAcAEI9jkRdOJaxEwJCwc,"Hanuman Mandir Rd, Kharangajhar, Bari Nagar, Jamshedpur, East Singhbhum, Kolhan Division, JH, IN, 831004",831004
ChIJwUaqlTXj9TkR2QB2g91CD8A,"Railway Station, Gudri market, Kumar Chowk, Jugsalai, Jamshedpur, East Singhbhum, Kolhan Division, JH, IN, 831002",831002
ChIJNy1ruZHl9TkRaKA84EMwYpw,"HP petrol Pump, Housing Colony, Adityapur, Jamshedpur, Seraikela Kharsawan, Kolhan Division, JH, IN, 832109",832109
ChIJlXeP65EJ9jkRqCN_IzSPv3s,"Ghorabandha, LOHABASA, East Singhbhum, Kolhan Division, JH, IN, 831008",831008
ChIJ0eIj4PwH9jkR2Bk20E7iyHs,"Q778+J4C, Jamshedpur, East Singhbhum, Kolhan Division, JH, IN, 831004",831004
ChIJCXdTus789TkRXpmdt1sFUfI,"Q652+FHJ, Tata Nagar, Khasmahal, Jugsalai, Jamshedpur, East Singhbhum, Kolhan Division, JH, IN, 831002",831002
ChIJ3207aLzi9TkR9TRP_PS3BcM,"Q6PV+94F, Zone Number 6, Birsanagar, Jamshedpur, East Singhbhum, Kolhan Division, JH, IN, 831019",831019
ChIJtXHvmAPj9TkRXL4Y7Y5bDvE,"766, Straight Mile Rd, New Sitaram Dera, Golmuri, Jamshedpur, East Singhbhum, Kolhan Division, JH, IN, 831009",831009
ChIJefFjfs7j9TkRkKcsf4AMyR0,"36, Golmuri Rd, Golmuri, Jamshedpur, East Singhbhum, Kolhan Division, JH, IN, 831003",831003
ChIJxS6wZw_j9TkRKEI5PtoCm6o,"H No, 80, Purulia Rd, SNP Area, Sakchi, Jamshedpur, East Singhbhum, Kolhan Division, JH, IN, 831001",831001
ChIJ12PQ0dri9TkR0rv4I60urFA,"Q6JG+236, Namda Basti, Jamshedpur, East Singhbhum, Kolhan Division, JH, IN, 831003",831003
ChIJ5ch9sQjj9TkR7vHZvcBYc7U,"R653+3XH, Thakur Bari Rd, SNP Area, Ambagan, Sakchi, Jamshedpur, East Singhbhum, Kolhan Division, JH, IN, 831001",831001
ChIJ1bcu3kIJ9jkRsInQnPUy-7U,"Shop No 2 & 3, Upadhyay Market, Kharangajhar, Telco Colony, Jamshedpur, East Singhbhum, Kolhan Division, JH, IN, 831004",831004
ChIJm5fat10J9jkR2u9jpWbKWw8,"Kali Mandir, Sadhudera, Telco Colony, Jamshedpur, East Singhbhum, Kolhan Division, JH, IN, 831004",831004
ChIJrbMe8BYI9jkR4uHz5s-PYis,"P.S, po, TRF Colony, Birsanagar, Luyabasa, East Singhbhum, Kolhan Division, JH, IN, 831003",831003
ChIJEX7uSXvj9TkRveYAYpzndHA,"Dhatkidih, Jamshedpur, East Singhbhum, Kolhan Division, JH, IN, 831001",831001
ChIJ24wVMHzk9TkR4yzr9L54gSo,"Sonari, Khuntadih, Jamshedpur, East Singhbhum, Kolhan Division, JH, IN, 831011",831011
ChIJ7RnOdwEI9jkRVuZsAEglRB0,"Kharangajhar Market, Kharangajhar, Telco Colony, Jamshedpur, East Singhbhum, Kolhan Division, JH, IN, 831004",831004
ChIJd_6VAwI7jjkRgyYfs_ea5fo,"74JF+34V, Mughalsarai, Chandauli, Varanasi Division, UP, IN, 232101",232101
ChIJH4IqBDX8mzkRBiFMxLxPALw,"Preeti Nagar, Railway Colony, Charbagh, Lucknow, Lucknow, Lucknow Division, UP, IN, 226004",226004
ChIJNyErC55jmjkRVrVLDNnUYlc,"Railway, NH 56, Sultanpur, Ayodhya Division, UP, IN, 227808",227808
ChIJvS2nWel8mjkROTKTU5s_WRQ,"Sultanpur Railway Station Rd, Majar Ganj, Sultanpur, Sultanpur, Ayodhya Division, UP, IN, 228001",228001
ChIJw9IJgFErjjkRqdivJParcK0,"Crossing, Saraiya, Varanasi, Varanasi Division, UP, IN, 221105",221105
ChIJN2C-Lgnj9TkRQWapB5Fiybc,"126, Sanjay Rd, SNP Area, Ambagan, Sakchi, Jamshedpur, East Singhbhum, Kolhan Division, JH, IN, 831001",831001
ChIJcc5UlKji9TkRK89pBHUeRf0,"K2 - 7, Cross Rd No. 16, Telco Colony, Jamshedpur, East Singhbhum, Kolhan Division, JH, IN, 831004",831004
ChIJ02Om3gMI9jkRQR6utca3SN8,"Indra Market, Kharangajhar, Telco Colony, Jamshedpur, East Singhbhum, Kolhan Division, JH, IN, 831004",831004
ChIJw_TC1oDj9TkRjuuCRQbwmCo,"31, CANARA BANK, Aambagan Rd, SNP Area, Ambagan, Sakchi, Jamshedpur, East Singhbhum, Kolhan Division, JH, IN, 831001",831001
